Gender,GRE_V,GRE_Q,GRE_AW,Score,Label
1,147.0,144.0,2.9999999999999996,0.547166528018283,1
1,146.0,140.0,3.5,0.47329071834969433,0
1,152.0,161.99999999999997,2.5,0.7672676661781461,1
1,154.0,160.0,2.9999999999999996,0.7713556350964756,1
0,152.0,150.0,3.0,0.5145086920547426,1
1,155.0,154.0,4.5,0.7516602239394251,1
0,136.0,146.0,2.0,0.2972534280265237,0
0,154.0,160.0,3.4999999999999996,0.6502934262639151,1
1,142.0,154.0,2.5,0.5648997147199705,1
0,137.0,150.0,3.4999999999999996,0.3897657137380487,0
0,153.0,147.0,3.4999999999999996,0.4226445554018433,0
0,161.0,164.0,4.0,0.7665982399623071,1
0,136.0,142.0,2.5000000000000004,0.27132844023351477,0
0,151.0,156.0,3.0,0.5919486178786734,1
0,158.0,160.0,5.5,0.7794598658374348,1
1,147.0,160.0,2.9999999999999996,0.6834443095831781,1
0,146.0,146.0,3.0,0.3792268865799431,0
1,157.0,151.0,4.0,0.6597439457455333,1
0,142.0,140.0,3.0,0.3397094045382859,0
1,161.0,158.0,3.5,0.7799634588424261,1
0,160.0,154.0,4.5,0.6474587193975035,1
0,156.0,152.0,4.5,0.5389906610983946,1
0,154.0,150.0,4.0,0.5606273241807649,1
0,156.0,150.0,3.4999999999999996,0.5104560745354648,1
0,148.0,142.0,3.0,0.37708181775394406,0
0,146.0,149.0,3.0,0.39660539333076944,0
1,154.0,148.0,4.0,0.6357606978356454,1
0,142.0,150.0,2.0,0.361559113807823,0
0,152.0,155.0,5.000000000000001,0.6728127723785641,1
0,156.0,157.0,3.0,0.5801014627510919,1
0,144.0,150.0,3.0,0.41882492495451557,0
1,163.0,150.0,4.0,0.7005797875515025,1
1,163.0,170.0,4.5,0.9339559016580924,1
0,157.0,166.0,5.000000000000001,0.7982828891916407,1
0,140.0,146.0,3.0,0.37593749107401875,0
1,142.0,153.0,2.5,0.5690678226465192,1
1,130.0,142.0,2.9999999999999996,0.4172959286791096,0
1,142.0,154.0,3.5,0.6307952319770799,1
0,158.0,157.0,4.5,0.6301411907096752,1
0,140.0,146.0,2.5000000000000004,0.36062314901542514,0
0,140.0,148.0,3.4999999999999996,0.4606380574196227,0
0,158.0,144.0,5.000000000000001,0.555743948468763,1
1,148.0,164.0,2.0,0.7477067645637938,1
1,161.99999999999997,160.0,4.5,0.8003358250744129,1
0,154.0,157.0,3.4999999999999996,0.550452292886059,1
0,151.0,151.0,4.0,0.5454053707224106,1
1,138.0,148.0,2.9999999999999996,0.4711652051792871,0
0,161.99999999999997,150.0,4.5,0.6346484510377286,1
0,152.0,140.0,3.4999999999999996,0.4044038021603324,0
0,140.0,159.0,2.5000000000000004,0.4662889900327993,0
0,146.0,144.0,3.0,0.38742499030748223,0
1,158.0,150.0,4.5,0.7333706460763835,1
1,150.0,156.0,3.5,0.7198263348030136,1
1,154.0,166.0,2.9999999999999996,0.8383143834935446,1
0,150.0,170.0,2.5000000000000004,0.7060376058972714,1
0,146.0,144.0,3.4999999999999996,0.39521962287947926,0
0,156.0,154.0,5.000000000000001,0.5998146990166715,1
0,142.0,147.0,3.0,0.36467749952340517,0
1,152.0,153.0,2.9999999999999996,0.6440810351065833,1
0,142.0,130.0,3.4999999999999996,0.19367364852253946,0
1,156.0,168.0,4.0,0.8877370857312492,1
1,137.0,170.0,2.5,0.7381064318129765,1
1,134.0,148.0,2.5,0.49013138931815403,0
1,161.99999999999997,156.0,4.5,0.8141197279432563,1
1,160.0,170.0,4.0,0.8892943939915133,1
0,146.0,144.0,3.4999999999999996,0.35508686956737534,0
1,154.0,163.0,2.9999999999999996,0.7234163358729402,1
1,142.0,143.0,4.0,0.5272672914169586,1
0,142.0,154.0,2.5000000000000004,0.4294215337969184,0
0,169.0,160.0,4.0,0.7628733830288033,1
0,161.99999999999997,161.0,3.4999999999999996,0.700649858753419,1
0,143.0,143.0,3.4999999999999996,0.329217199532709,0
1,151.0,155.0,3.5,0.6935102219411154,1
0,148.0,144.0,3.4999999999999996,0.38943574162348404,0
1,170.0,166.0,5.0,0.9787673075174935,1
1,156.0,161.0,3.5,0.7889920061038347,1
0,164.0,156.0,3.4999999999999996,0.6163844432214316,1
0,147.0,150.0,5.000000000000001,0.5253941940899787,1
1,159.0,155.0,4.5,0.79136923896402,1
1,148.0,154.0,2.5,0.5642647633522485,1
1,142.0,142.0,2.9999999999999996,0.4941897091573133,0
1,138.0,146.0,2.5,0.5001301550136166,1
1,142.0,150.0,2.5,0.5335646041532608,1
1,148.0,147.0,2.9999999999999996,0.5381600554713094,1
0,150.0,164.0,4.0,0.7281370023674806,1
1,140.0,154.0,1.4999999999999998,0.5301421612496118,1
0,163.0,168.0,4.5,0.8497157570604257,1
1,151.0,152.0,2.9999999999999996,0.585702414228447,1
0,143.0,158.0,2.0,0.5149095962085483,1
1,147.0,148.0,2.0,0.49198228355421786,0
1,160.0,161.0,4.0,0.7877091172416709,1
0,158.0,146.0,4.0,0.4924241438830142,0
1,150.0,152.0,2.9999999999999996,0.573757734583117,1
0,150.0,152.0,4.5,0.5585765096718357,1
1,152.0,161.0,4.0,0.7361674554718105,1
0,158.0,157.0,4.0,0.662913400364436,1
0,136.0,143.0,2.5000000000000004,0.32058390867391395,0
0,151.0,142.0,3.4999999999999996,0.3932355828981006,0
0,153.0,170.0,5.000000000000001,0.7737908481608494,1
1,135.0,155.0,1.4999999999999998,0.5673243991839991,1
0,148.0,166.0,3.4999999999999996,0.6782287399301359,1
0,146.0,140.0,3.4999999999999996,0.3262931604360652,0
1,166.99999999999997,160.0,4.5,0.8688138890498753,1
0,136.0,154.0,3.0,0.41617216668513884,0
0,152.0,150.0,4.5,0.5893006264782771,1
1,165.0,166.0,4.0,0.8938315974813428,1
1,146.0,150.0,4.0,0.5889527250484233,1
0,142.0,147.0,3.4999999999999996,0.41412212737254,0
0,153.0,161.99999999999997,2.5000000000000004,0.6219933249503484,1
0,154.0,146.0,4.5,0.5104873263657222,1
0,146.0,139.0,4.0,0.33368899658225787,0
1,146.0,148.0,4.5,0.569499012315349,1
1,151.0,160.0,3.5,0.7739834719671426,1
0,163.0,152.0,4.5,0.6155339797824436,1
1,156.0,157.0,2.9999999999999996,0.690887676682854,1
0,145.0,146.0,3.0,0.4215520590232202,0
0,144.0,136.0,3.0,0.3056137924437491,0
0,154.0,156.0,4.0,0.5731208123297103,1
1,142.0,154.0,2.9999999999999996,0.6159482657028347,1
0,164.0,151.0,5.5,0.6290044304038079,1
0,152.0,148.0,4.5,0.47258025310397905,0
0,143.0,149.0,3.0,0.37472031020423346,0
1,170.0,157.0,4.0,0.8314667132315724,1
0,146.0,146.0,3.4999999999999996,0.37451998935679187,0
1,142.0,151.0,2.5,0.5230808441621742,1
1,148.0,158.0,2.9999999999999996,0.6394887944223346,1
1,136.0,160.0,2.5,0.5919793510575222,1
0,159.0,158.0,4.0,0.6287056076803728,1
0,154.0,146.0,3.0,0.39818689743394575,0
0,150.0,146.0,3.4999999999999996,0.3921732234592598,0
0,152.0,148.0,5.000000000000001,0.5236564314716499,1
1,154.0,156.0,4.5,0.7036251016997357,1
0,164.0,156.0,4.0,0.6523703885321002,1
0,142.0,152.0,3.4999999999999996,0.4678952220246864,0
1,152.0,166.99999999999997,3.5,0.8381151336268132,1
1,140.0,135.0,2.9999999999999996,0.30759015102442105,0
1,160.0,132.0,4.5,0.4467209868730484,0
0,144.0,153.0,3.0,0.49877695367592956,0
0,144.0,144.0,2.5000000000000004,0.3091172290353299,0
1,142.0,161.99999999999997,2.5,0.7171838587011222,1
0,160.0,164.0,5.000000000000001,0.825393240523725,1
1,161.0,170.0,3.5,0.8773571046421624,1
0,142.0,150.0,3.0,0.47236323033770194,0
1,155.0,152.0,3.5,0.6785555742282989,1
0,145.0,142.0,3.0,0.3611618354445736,0
1,155.0,170.0,5.0,0.9333223295592076,1
0,148.0,144.0,3.4999999999999996,0.3661190996823008,0
0,142.0,150.0,4.0,0.46581266800957516,0
0,148.0,145.0,3.0,0.4091985645276457,0
1,152.0,161.99999999999997,4.0,0.8355998591571404,1
0,159.0,152.0,5.000000000000001,0.6305280667796977,1
1,152.0,150.0,2.9999999999999996,0.5744647596096201,1
1,138.0,161.99999999999997,3.5,0.722568248813838,1
1,150.0,161.99999999999997,2.5,0.6780489106434634,1
0,148.0,142.0,4.0,0.4188314156370486,0
1,151.0,160.0,2.0,0.7227649124957135,1
0,148.0,161.99999999999997,3.0,0.6093163032075966,1
0,153.0,158.0,2.5000000000000004,0.5346158008849401,1
1,152.0,152.0,2.5,0.5693142892533277,1
1,130.0,163.0,1.4999999999999998,0.560889350271025,1
1,143.0,150.0,2.9999999999999996,0.6005586520779103,1
0,166.0,168.0,4.5,0.8078183679611859,1
1,143.0,152.0,2.5,0.5157776447415108,1
0,158.0,151.0,4.0,0.5415109016513681,1
0,140.0,154.0,3.0,0.4484773026737755,0
0,144.0,168.0,4.0,0.7140940971123312,1
1,170.0,152.0,5.0,0.7953278807635872,1
1,146.0,158.0,2.9999999999999996,0.6999624244498648,1
0,152.0,153.0,3.4999999999999996,0.4947990732141161,0
0,146.0,144.0,5.000000000000001,0.48986236472840505,0
1,137.0,153.0,2.0,0.47980685904178527,0
1,170.0,170.0,4.0,0.9473956563350913,1
0,158.0,140.0,3.4999999999999996,0.36585236291333073,0
1,152.0,156.0,2.5,0.673779183259347,1
1,153.0,154.0,5.0,0.755509950533841,1
1,152.0,152.0,4.0,0.6887985533178522,1
0,150.0,169.0,3.4999999999999996,0.7039497529018811,1
1,148.0,161.0,4.0,0.7766020179041276,1
1,146.0,160.0,2.9999999999999996,0.7058915492416933,1
1,136.0,154.0,2.0,0.545697962318439,1
0,141.0,134.0,3.0,0.24873628557689942,0
1,130.0,152.0,2.0,0.49322292226826137,0
1,156.0,170.0,4.5,0.9133613598327583,1
1,144.0,166.99999999999997,2.9999999999999996,0.7650872656470439,1
1,160.0,156.0,4.5,0.8005326063450385,1
1,149.0,164.0,2.9999999999999996,0.7425081065131357,1
1,160.0,159.0,3.5,0.7769623248499367,1
1,150.0,159.0,4.0,0.7408165448861923,1
1,150.0,156.0,3.5,0.683642384338636,1
0,148.0,160.0,3.4999999999999996,0.5791258202591385,1
0,140.0,156.0,3.4999999999999996,0.4879557785622109,0
0,144.0,144.0,3.4999999999999996,0.3812944544754738,0
0,161.99999999999997,142.0,5.000000000000001,0.5083583284630809,1
0,149.0,160.0,4.0,0.6698247314218883,1
1,144.0,157.0,3.5,0.6564340804098283,1
0,142.0,146.0,2.5000000000000004,0.39687187790585676,0
0,158.0,164.0,3.4999999999999996,0.6855731498395852,1
0,144.0,154.0,3.0,0.45067503575458157,0
1,154.0,150.0,3.5,0.6756362986659878,1
1,148.0,166.0,5.0,0.861877540082922,1
1,156.0,156.0,4.5,0.7862965856027618,1
0,138.0,153.0,3.0,0.4867301402552172,0
1,140.0,154.0,3.5,0.5691246425024776,1
0,156.0,152.0,4.5,0.619020764690295,1
1,153.0,170.0,4.0,0.850772990204464,1
1,132.0,158.0,1.4999999999999998,0.5616603347883846,1
1,142.0,143.0,3.5,0.47259606122880704,0
1,158.0,153.0,4.0,0.6974335611419095,1
1,142.0,152.0,2.9999999999999996,0.5521627454169067,1
1,132.0,151.0,2.5,0.4732585740260222,0
1,157.0,160.0,4.0,0.793249187329164,1
0,161.99999999999997,145.0,5.000000000000001,0.5081568588627502,1
0,156.0,150.0,4.0,0.5081590324390131,1
0,150.0,156.0,3.4999999999999996,0.5437546323168758,1
1,146.0,164.0,2.9999999999999996,0.7021827420408825,1
0,150.0,170.0,3.4999999999999996,0.7689433414419463,1
1,138.0,143.0,3.5,0.5108729198706708,1
1,148.0,160.0,2.9999999999999996,0.7125609183362128,1
0,144.0,145.0,3.0,0.4226215900984516,0
1,138.0,133.0,2.5,0.3366099936577889,0
1,158.0,144.0,2.9999999999999996,0.5216842500749898,1
0,139.0,142.0,2.5000000000000004,0.31235833548067043,0
0,156.0,150.0,4.0,0.5113256530697566,1
0,154.0,142.0,4.0,0.4174813676938015,0
0,161.99999999999997,142.0,4.5,0.4970654505236288,0
0,160.0,160.0,5.000000000000001,0.6843443151345694,1
0,150.0,159.0,3.4999999999999996,0.6131558913226203,1
1,156.0,160.0,4.0,0.7570839521207336,1
0,154.0,161.99999999999997,4.0,0.6637152220586406,1
0,154.0,150.0,4.0,0.5558584689593777,1
1,158.0,148.0,4.0,0.6839354102011138,1
1,136.0,164.0,1.4999999999999998,0.6634278910553275,1
1,160.0,148.0,4.0,0.6635311377246524,1
0,149.0,146.0,4.0,0.4938723758697803,0
0,130.0,142.0,1.5,0.1972279981065204,0
0,138.0,138.0,4.0,0.33099933978946783,0
0,145.0,156.0,3.4999999999999996,0.4904595237401719,0
0,149.0,142.0,4.0,0.4360065128669978,0
0,163.0,152.0,5.5,0.6657149833536308,1
1,154.0,146.0,4.0,0.6278015528159111,1
1,156.0,146.0,4.0,0.5755679212252608,1
0,149.0,135.0,3.0,0.30080786506244694,0
1,150.0,153.0,4.0,0.653345481008768,1
1,163.0,164.0,4.5,0.8990614961752658,1
0,150.0,152.0,4.0,0.5278657330979403,1
1,158.0,161.99999999999997,2.5,0.7259541369657124,1
1,149.0,152.0,2.9999999999999996,0.6364938360190616,1
0,145.0,144.0,4.0,0.4358047138628669,0
1,142.0,148.0,2.5,0.5045986727849354,1
0,146.0,149.0,4.0,0.5142290287344918,1
0,141.0,148.0,2.5000000000000004,0.3814448266923334,0
1,153.0,154.0,3.5,0.6733170257231474,1
1,148.0,159.0,2.5,0.631405179700753,1
0,164.0,152.0,4.0,0.5983833303601205,1
0,158.0,153.0,4.0,0.541583329523304,1
1,165.0,156.0,4.0,0.7755397168331236,1
0,160.0,150.0,3.4999999999999996,0.5503704110828097,1
0,140.0,143.0,2.5000000000000004,0.27915374667612913,0
1,158.0,149.0,4.5,0.6731695625045396,1
0,142.0,156.0,4.0,0.5030282183502134,1
0,154.0,148.0,4.0,0.5220027544295429,1
1,152.0,170.0,4.0,0.8656899329997613,1
1,156.0,166.0,2.9999999999999996,0.8212338303214848,1
0,140.0,142.0,3.4999999999999996,0.35556434317983376,0
1,154.0,170.0,4.5,0.8979117993232149,1
1,157.0,154.0,4.5,0.7552977967613507,1
1,142.0,168.0,2.0,0.741247793962445,1
1,152.0,152.0,3.5,0.5992137494891333,1
1,142.0,158.0,2.0,0.6419105854533271,1
1,154.0,168.0,3.5,0.8552012177599146,1
0,142.0,164.0,2.5000000000000004,0.6151429001411347,1
1,161.99999999999997,170.0,3.5,0.9217005439309632,1
1,150.0,157.0,2.9999999999999996,0.652054662224985,1
0,138.0,152.0,2.5000000000000004,0.4511061186954472,0
0,152.0,160.0,3.4999999999999996,0.6519248479596212,1
0,146.0,164.0,3.4999999999999996,0.6218834067539554,1
0,144.0,144.0,3.4999999999999996,0.3771434598046869,0
1,163.0,164.0,4.5,0.8997399402052697,1
1,150.0,154.0,2.9999999999999996,0.6324093936238592,1
0,143.0,148.0,3.4999999999999996,0.3833547713248336,0
0,152.0,152.0,4.5,0.5293613281826224,1
0,144.0,150.0,3.0,0.4612199874886741,0
0,156.0,154.0,3.0,0.525634833433346,1
1,158.0,157.0,4.5,0.7833594878313626,1
0,142.0,138.0,2.5000000000000004,0.27712953277617364,0
0,148.0,144.0,3.0,0.38373826604853223,0
0,160.0,153.0,3.4999999999999996,0.591958103456797,1
1,144.0,148.0,2.9999999999999996,0.5764136777730171,1
1,142.0,140.0,3.5,0.4031978809281224,0
1,168.0,170.0,3.5,0.9178679388018179,1
1,153.0,164.0,3.5,0.767891706268617,1
1,150.0,170.0,3.5,0.893247063626575,1
0,150.0,159.0,4.0,0.654326173806307,1
1,149.0,163.0,3.5,0.7963812200857576,1
1,161.99999999999997,160.0,4.5,0.7833046835474528,1
1,160.0,160.0,3.5,0.7714105044636397,1
1,161.99999999999997,148.0,4.5,0.7019521784171613,1
1,151.0,163.0,3.5,0.7418147029472144,1
1,166.0,170.0,5.0,0.9451719572928183,1
1,164.0,154.0,4.5,0.748832885944016,1
0,144.0,136.0,3.0,0.21374020198248445,0
0,142.0,150.0,2.5000000000000004,0.3647513195118847,0
0,140.0,142.0,3.4999999999999996,0.3052815739037029,0
0,140.0,148.0,3.4999999999999996,0.4211669470165752,0
0,157.0,156.0,4.5,0.6490400827161178,1
0,160.0,142.0,4.5,0.49447560693278997,0
0,141.0,154.0,3.0,0.43690358645692595,0
0,150.0,151.0,4.5,0.5364778245734221,1
0,146.0,146.0,4.0,0.4095512151206458,0
0,146.0,158.0,4.0,0.6264613728979493,1
1,130.0,150.0,1.0,0.44034276830695007,0
1,140.0,170.0,4.0,0.8422388531715648,1
0,152.0,160.0,3.0,0.6116581181135354,1
1,144.0,160.0,3.5,0.7167967218587009,1
1,151.0,166.0,3.5,0.8162957337501877,1
1,148.0,154.0,3.5,0.6143451859522443,1
0,147.0,156.0,3.0,0.4858280517485422,0
0,144.0,144.0,3.4999999999999996,0.42252542169830887,0
1,150.0,149.0,2.5,0.5642163337883368,1
1,142.0,170.0,2.9999999999999996,0.7885432367281316,1
1,152.0,160.0,3.5,0.6955021284689689,1
1,164.0,166.0,3.5,0.8796602729052849,1
0,148.0,146.0,3.0,0.4297823812518302,0
1,158.0,156.0,2.9999999999999996,0.7253534297822865,1
1,158.0,170.0,4.0,0.8867865934986713,1
0,155.0,159.0,4.5,0.6264616880467005,1
1,148.0,157.0,3.5,0.7227209447221795,1
0,148.0,158.0,3.4999999999999996,0.569818553967961,1
0,144.0,142.0,3.0,0.3190278639609866,0
0,150.0,169.0,4.5,0.7860762192118589,1
1,161.99999999999997,138.0,4.5,0.5542197780482878,1
0,150.0,164.0,3.0,0.6441546658795071,1
1,130.0,142.0,1.4999999999999998,0.3105386879545801,0
1,156.0,168.0,2.9999999999999996,0.8339974969519274,1
1,144.0,130.0,2.5,0.3157519804883312,0
1,170.0,170.0,5.999999999999999,1.0303356104413486,1
0,135.0,158.0,3.0,0.5271865054947473,1
0,170.0,157.0,5.000000000000001,0.7821849561524616,1
1,148.0,153.0,3.5,0.6637271682039616,1
1,150.0,168.0,3.5,0.874992256768273,1
0,160.0,170.0,3.0,0.7302351771630236,1
0,157.0,170.0,4.0,0.8082465348203054,1
1,144.0,146.0,3.5,0.5640394339891708,1
1,150.0,144.0,4.5,0.5241756490854257,1
0,152.0,150.0,2.5000000000000004,0.41981764339097366,0
1,146.0,152.0,3.5,0.5909740655602344,1
1,139.0,156.0,2.9999999999999996,0.5642548036911477,1
1,150.0,168.0,3.5,0.8152359187462056,1
0,156.0,153.0,4.0,0.5614777105889892,1
1,148.0,142.0,2.9999999999999996,0.4979656832074618,0
1,161.99999999999997,158.0,4.0,0.7609692291038438,1
1,154.0,158.0,2.9999999999999996,0.6905003049749517,1
0,153.0,150.0,4.5,0.5464017026119183,1
0,149.0,154.0,3.4999999999999996,0.5566751863438559,1
0,144.0,163.0,3.4999999999999996,0.5727630481960333,1
1,152.0,149.0,3.5,0.6518157712980799,1
0,142.0,140.0,3.4999999999999996,0.3370240752937427,0
1,161.99999999999997,163.0,4.5,0.8299787056771321,1
0,154.0,150.0,5.000000000000001,0.5559974694825074,1
1,166.0,168.0,4.0,0.893984514025599,1
0,153.0,149.0,4.0,0.4710641195084191,0
1,142.0,152.0,2.0,0.5888832539144453,1
0,143.0,152.0,3.4999999999999996,0.43051920883551986,0
1,145.0,148.0,2.9999999999999996,0.49440110050321284,0
0,148.0,170.0,3.4999999999999996,0.7068464140274732,1
0,160.0,159.0,5.000000000000001,0.7299698381368931,1
0,139.0,155.0,1.5,0.40419675896981083,0
1,150.0,160.0,2.9999999999999996,0.7199694327715321,1
1,146.0,156.0,2.0,0.5771131114942833,1
0,160.0,142.0,5.000000000000001,0.46174333240140103,0
0,146.0,141.0,3.0,0.3329412517336157,0
0,163.0,154.0,3.0,0.584510615019463,1
0,157.0,154.0,4.0,0.5573192303961315,1
1,142.0,161.99999999999997,2.5,0.6562121138025573,1
1,151.0,161.0,3.5,0.7969867289392166,1
1,144.0,138.0,2.9999999999999996,0.4237415891675984,0
0,154.0,165.0,3.4999999999999996,0.672479747811754,1
1,148.0,161.99999999999997,2.9999999999999996,0.7434801815610168,1
1,169.0,170.0,5.0,1.0279177399083819,1
1,145.0,170.0,3.5,0.7879531860936995,1
0,147.0,158.0,4.0,0.6328271618750565,1
1,144.0,170.0,3.5,0.8086193272552008,1
0,144.0,137.0,2.5000000000000004,0.2883019308587843,0
1,141.0,146.0,3.5,0.5272032361960893,1
1,150.0,159.0,3.5,0.7047983440793678,1
1,145.0,156.0,2.9999999999999996,0.6308203135626941,1
0,154.0,156.0,4.0,0.563876823803438,1
0,158.0,156.0,4.0,0.6476653701286582,1
1,144.0,166.99999999999997,2.5,0.7651685845090519,1
1,170.0,170.0,3.5,0.9254041243881986,1
1,155.0,152.0,4.0,0.6528447076935213,1
0,154.0,160.0,3.4999999999999996,0.6110670880372159,1
0,161.99999999999997,145.0,5.000000000000001,0.5484907631912875,1
0,149.0,150.0,4.5,0.5418230998412817,1
0,147.0,159.0,3.0,0.5289582680714507,1
1,150.0,145.0,2.9999999999999996,0.5218964538457512,1
1,146.0,153.0,2.5,0.5634614930876337,1
1,158.0,138.0,4.0,0.5268130555863554,1
0,154.0,144.0,3.4999999999999996,0.38823341183125504,0
1,130.0,152.0,2.5,0.5285216150195362,1
1,146.0,150.0,3.5,0.6212349388008198,1
1,146.0,148.0,2.5,0.5209439332414513,1
0,150.0,150.0,5.000000000000001,0.5935198951795704,1
0,156.0,154.0,4.0,0.5453850104131919,1
1,158.0,160.0,4.0,0.7751580506538681,1
0,157.0,150.0,4.0,0.5327819250720439,1
0,158.0,143.0,4.0,0.43253638173090814,0
0,149.0,148.0,4.5,0.48536275632958575,0
1,170.0,160.0,4.5,0.8416126829653138,1
1,154.0,156.0,4.5,0.7318560839320608,1
1,153.0,161.99999999999997,4.0,0.7636098294109815,1
1,148.0,166.0,4.0,0.8553967160602982,1
0,154.0,155.0,4.5,0.5888981856538329,1
0,154.0,144.0,3.4999999999999996,0.4482502761606342,0
1,170.0,155.0,5.999999999999999,0.856623871645316,1
0,132.0,156.0,2.0,0.4343190525562469,0
0,158.0,152.0,4.5,0.5581236265497997,1
0,145.0,147.0,3.4999999999999996,0.4002612555334405,0
1,145.0,168.0,2.5,0.761821003242499,1
0,146.0,158.0,3.0,0.5126937095370845,1
1,166.0,148.0,4.0,0.6821997629240203,1
1,158.0,152.0,4.0,0.7254285703766314,1
0,136.0,138.0,3.0,0.27424815144294873,0
0,140.0,140.0,3.0,0.29170154098295364,0
1,142.0,159.0,2.9999999999999996,0.638213723878501,1
1,155.0,158.0,3.5,0.7226378717525442,1
1,138.0,160.0,2.5,0.6207625885332745,1
0,150.0,146.0,3.0,0.37177564373242983,0
1,142.0,143.0,2.5,0.4632069467498656,0
1,155.0,168.0,3.5,0.90760637740275,1
0,154.0,164.0,4.5,0.7723408711703971,1
0,146.0,144.0,3.4999999999999996,0.43127891411535446,0
0,159.0,150.0,4.0,0.5703216330164721,1
0,148.0,153.0,4.5,0.5795842306163294,1
0,138.0,142.0,2.0,0.21597858351109653,0
1,156.0,154.0,4.0,0.7374348191528656,1
1,150.0,152.0,5.0,0.6445915590373814,1
1,158.0,168.0,3.5,0.8471385161068605,1
0,146.0,152.0,3.4999999999999996,0.48080698329881205,0
0,152.0,146.0,4.0,0.46354751981763076,0
1,147.0,146.0,2.0,0.5128350410004635,1
0,154.0,158.0,3.4999999999999996,0.593496096321899,1
1,164.0,168.0,4.0,0.9603049204391646,1
0,152.0,166.0,4.0,0.736579534878519,1
1,161.99999999999997,160.0,3.5,0.8116441689178648,1
0,152.0,156.0,4.0,0.6026356468894221,1
0,152.0,161.0,3.4999999999999996,0.6644932496613525,1
1,164.0,150.0,5.0,0.746813303681425,1
1,148.0,152.0,2.9999999999999996,0.629308924890382,1
1,158.0,164.0,4.0,0.80601416991276,1
0,146.0,152.0,3.4999999999999996,0.4949671927083348,0
0,154.0,148.0,4.5,0.5606395590970888,1
0,148.0,143.0,4.0,0.4516879997014611,0
1,143.0,158.0,3.5,0.6809062441035131,1
1,146.0,161.99999999999997,2.5,0.6975475451014274,1
1,153.0,158.0,3.5,0.6930439520999854,1
0,148.0,145.0,4.0,0.44249502799569534,0
0,148.0,134.0,4.0,0.3045314780239029,0
1,149.0,148.0,3.5,0.5787339123005818,1
1,148.0,152.0,4.0,0.6052932234937978,1
1,147.0,156.0,4.0,0.7216695900339316,1
1,154.0,164.0,2.5,0.7239000706184386,1
0,156.0,163.0,3.4999999999999996,0.6978982152984093,1
0,131.0,145.0,2.5000000000000004,0.25871691238275274,0
0,133.0,148.0,2.5000000000000004,0.36136701283394207,0
1,160.0,148.0,3.5,0.6576810366293473,1
1,147.0,147.0,2.5,0.4783961664865768,0
0,144.0,151.0,2.5000000000000004,0.4553435859819337,0
0,146.0,165.0,3.0,0.6758243432167359,1
0,152.0,170.0,5.000000000000001,0.7921063277689576,1
0,158.0,161.99999999999997,4.5,0.7252802194269722,1
0,146.0,144.0,2.5000000000000004,0.32516047538139753,0
0,153.0,150.0,4.0,0.4772924748282577,0
1,161.99999999999997,168.0,5.999999999999999,0.9824867500102943,1
1,150.0,161.99999999999997,3.5,0.7516539442374082,1
1,153.0,158.0,3.5,0.7708766174358559,1
1,152.0,152.0,2.9999999999999996,0.6352377553694967,1
0,147.0,156.0,3.4999999999999996,0.528171346485938,1
1,146.0,160.0,2.9999999999999996,0.6784845345077333,1
1,160.0,170.0,4.0,0.9264796891882167,1
0,158.0,146.0,4.5,0.5199962707033255,1
0,157.0,164.0,3.0,0.6750438439116945,1
0,146.0,159.0,4.0,0.6452008015836587,1
0,148.0,150.0,4.0,0.45892228569649407,0
1,155.0,150.0,4.5,0.691828607502926,1
1,144.0,148.0,3.5,0.5582857531896909,1
0,146.0,155.0,3.0,0.5134652903975055,1
0,146.0,147.0,2.5000000000000004,0.3750904724629286,0
0,138.0,145.0,3.0,0.3703229613009099,0
1,157.0,169.0,3.5,0.8931963140346314,1
0,143.0,148.0,3.0,0.38419544520572335,0
0,141.0,158.0,2.5000000000000004,0.462358579635813,0
0,145.0,158.0,4.0,0.627046622357539,1
0,150.0,146.0,3.0,0.3940120582284368,0
0,158.0,159.0,3.4999999999999996,0.5915850170796978,1
0,153.0,142.0,4.0,0.44300251113580863,0
1,148.0,150.0,2.9999999999999996,0.5593148799318747,1
1,138.0,145.0,2.9999999999999996,0.470670675593966,0
0,142.0,140.0,4.0,0.348364046902865,0
1,143.0,130.0,2.9999999999999996,0.3026747976810009,0
0,150.0,152.0,4.0,0.5706881667949498,1
1,160.0,164.0,3.5,0.7983065593171242,1
1,148.0,154.0,2.5,0.612249728497465,1
1,152.0,161.99999999999997,4.0,0.7492242891094328,1
1,151.0,158.0,4.5,0.7437977005717302,1
1,140.0,151.0,2.5,0.5563892064721878,1
1,156.0,170.0,5.0,0.9615513632531123,1
1,155.0,160.0,5.0,0.8540782477915219,1
0,152.0,156.0,4.0,0.627530181389552,1
1,155.0,160.0,2.9999999999999996,0.7065507663315023,1
1,170.0,150.0,5.5,0.7397428408205082,1
1,147.0,166.0,3.5,0.7941720789156763,1
1,144.0,161.99999999999997,3.5,0.735323540061032,1
1,150.0,148.0,3.5,0.5837349038245132,1
0,142.0,151.0,4.0,0.4540394033507475,0
0,161.99999999999997,152.0,4.5,0.5860588578883646,1
1,154.0,147.0,4.0,0.6462368111184092,1
0,141.0,155.0,3.4999999999999996,0.46570135066037455,0
0,158.0,166.99999999999997,4.0,0.7631917940098273,1
0,158.0,148.0,4.0,0.5608248258319363,1
1,152.0,158.0,2.5,0.6762488247729086,1
1,168.0,160.0,4.5,0.8593797484354889,1
0,157.0,152.0,4.5,0.5818953194943987,1
1,130.0,136.0,1.4999999999999998,0.2381554551027126,0
1,144.0,168.0,2.9999999999999996,0.758713700725583,1
0,148.0,156.0,2.5000000000000004,0.518408100752865,1
0,140.0,159.0,3.0,0.5131833600597195,1
1,144.0,164.0,2.5,0.6749705372277247,1
0,164.0,146.0,5.5,0.6371941961540344,1
0,153.0,136.0,5.000000000000001,0.38654735968032755,0
0,152.0,147.0,4.5,0.5167169622544424,1
1,164.0,157.0,5.0,0.7805457764059313,1
0,152.0,161.99999999999997,4.0,0.6236816343160659,1
0,150.0,152.0,4.0,0.4938262691586327,0
0,150.0,166.0,3.0,0.6300900871481434,1
1,130.0,158.0,2.0,0.5975228809345551,1
0,144.0,146.0,4.0,0.3834805187491781,0
0,152.0,148.0,4.0,0.4960292945662808,0
1,154.0,160.0,4.5,0.7499713701262438,1
1,160.0,153.0,4.5,0.7592331801768445,1
0,153.0,144.0,3.4999999999999996,0.4692266872101774,0
0,146.0,148.0,3.4999999999999996,0.47411297211220726,0
1,152.0,163.0,4.0,0.7917950433180777,1
0,152.0,161.99999999999997,3.4999999999999996,0.6861452246418474,1
1,160.0,147.0,4.5,0.6837801298241876,1
0,165.0,160.0,4.5,0.7506491480251681,1
1,140.0,157.0,2.0,0.5872301376972138,1
0,144.0,161.99999999999997,3.4999999999999996,0.5901083203264106,1
1,146.0,146.0,2.5,0.5368526791302775,1
1,144.0,138.0,4.0,0.4092631178358532,0
1,146.0,165.0,1.4999999999999998,0.7465515032324075,1
0,154.0,136.0,3.4999999999999996,0.3469857554293049,0
0,158.0,142.0,4.5,0.4905497109864705,0
1,159.0,168.0,3.5,0.9114971098971084,1
0,156.0,145.0,4.0,0.487392752522828,0
0,150.0,130.0,4.5,0.32979873261684056,0
1,146.0,161.99999999999997,2.9999999999999996,0.679976167733755,1
1,142.0,156.0,2.0,0.6190955134343485,1
1,158.0,166.0,4.0,0.8249071247484484,1
1,148.0,140.0,3.5,0.5096644352988846,1
0,144.0,140.0,3.0,0.2963061102349351,0
0,152.0,150.0,4.0,0.5265619508414425,1
1,152.0,164.0,2.5,0.7784058448802476,1
0,157.0,158.0,4.5,0.6935699639209745,1
1,150.0,152.0,5.0,0.6561941115618258,1
0,158.0,146.0,4.5,0.5576104688678862,1
0,147.0,157.0,4.0,0.5913651821832953,1
1,164.0,168.0,4.5,0.9528238494807616,1
1,156.0,160.0,4.0,0.8253273846889334,1
1,158.0,161.99999999999997,4.5,0.8018892292945593,1
0,135.0,152.0,2.5000000000000004,0.3486969531970355,0
1,161.99999999999997,158.0,5.0,0.7943565785166102,1
0,150.0,161.99999999999997,3.4999999999999996,0.5929405625033585,1
1,137.0,150.0,1.4999999999999998,0.4532308715817893,0
0,158.0,163.0,4.5,0.7162694976819092,1
1,144.0,134.0,4.5,0.3872505662186259,0
1,158.0,170.0,5.5,0.9800717389727965,1
0,157.0,154.0,5.000000000000001,0.6849918299844568,1
1,146.0,166.0,2.5,0.7744290696204871,1
1,153.0,150.0,3.5,0.610316791164131,1
1,158.0,148.0,5.0,0.7237069455201612,1
1,149.0,148.0,4.0,0.5787279271979361,1
0,161.99999999999997,146.0,4.0,0.5280417144306265,1
0,156.0,155.0,4.0,0.6237325677733934,1
0,139.0,148.0,3.0,0.38590938894239984,0
0,153.0,146.0,4.0,0.42977302852744104,0
0,146.0,163.0,3.0,0.6000029669828211,1
1,170.0,170.0,3.5,1.0038328609498857,1
1,148.0,155.0,3.5,0.6969630123638391,1
0,144.0,160.0,4.0,0.5574837156437491,1
1,152.0,147.0,4.0,0.6139321007122936,1
1,133.0,166.99999999999997,3.5,0.7358274631622528,1
1,142.0,165.0,2.5,0.6818154485948394,1
1,158.0,166.0,4.0,0.8603892403671586,1
1,144.0,158.0,2.5,0.6779895335485804,1
1,152.0,150.0,4.5,0.6467930577755089,1
0,150.0,156.0,3.0,0.4933550451095674,0
1,153.0,161.0,4.0,0.7639968580931888,1
0,146.0,161.99999999999997,3.4999999999999996,0.6554966461202413,1
0,151.0,136.0,3.4999999999999996,0.3013356084415969,0
1,148.0,161.0,3.5,0.7017747364770669,1
0,161.0,154.0,3.4999999999999996,0.6241337544581251,1
1,152.0,148.0,3.5,0.6403376249442827,1
0,150.0,150.0,4.0,0.518896511622812,1
1,141.0,160.0,3.5,0.6442626753249874,1
0,164.0,149.0,4.0,0.5773778037709745,1
1,142.0,142.0,3.5,0.45092033407834436,0
0,140.0,150.0,2.5000000000000004,0.43686064739365504,0
0,161.99999999999997,157.0,4.0,0.6651669948360076,1
1,163.0,157.0,4.5,0.7829184821664728,1
1,143.0,160.0,3.5,0.7176416076287483,1
0,152.0,138.0,5.000000000000001,0.45033604364412305,0
1,147.0,160.0,2.9999999999999996,0.6613073002307386,1
1,158.0,165.0,4.0,0.8479264993908857,1
1,146.0,163.0,4.0,0.7806197537901116,1
1,138.0,138.0,2.5,0.36666985081577397,0
1,164.0,164.0,4.0,0.8686559803997067,1
1,142.0,154.0,2.5,0.6024909608788199,1
1,145.0,154.0,3.5,0.5985157414154968,1
0,140.0,142.0,3.0,0.3067606631779445,0
0,146.0,153.0,2.5000000000000004,0.42579587535011076,0
1,152.0,150.0,2.9999999999999996,0.586839218777804,1
1,156.0,168.0,4.0,0.8791307039110056,1
0,155.0,140.0,4.5,0.45687302225193666,0
0,159.0,150.0,4.5,0.5695813791263782,1
0,156.0,158.0,4.0,0.6749316680651907,1
1,132.0,158.0,1.4999999999999998,0.5692217073318142,1
0,139.0,148.0,2.5000000000000004,0.3386850948601431,0
0,148.0,147.0,3.4999999999999996,0.39415996383870305,0
0,146.0,156.0,3.0,0.5333356222970818,1
0,152.0,158.0,4.0,0.636317961288028,1
0,150.0,156.0,4.0,0.6258619820365015,1
0,150.0,149.0,3.4999999999999996,0.5130805515792671,1
0,155.0,130.0,5.000000000000001,0.2961476039716345,0
1,142.0,166.0,2.9999999999999996,0.7064215434674275,1
0,148.0,152.0,3.4999999999999996,0.5076639866416648,1
0,140.0,146.0,2.0,0.27517960733787317,0
1,164.0,153.0,4.5,0.7297374393739063,1
0,144.0,144.0,2.5000000000000004,0.3865975372790991,0
0,136.0,135.0,3.4999999999999996,0.18922397731381996,0
1,151.0,166.99999999999997,2.5,0.7483943992356215,1
0,152.0,146.0,5.000000000000001,0.4785064931841751,0
0,146.0,151.0,4.0,0.45405857378228465,0
1,147.0,165.0,3.5,0.7466548145741271,1
0,158.0,148.0,3.0,0.4624261050784368,0
0,147.0,150.0,3.0,0.474601367659663,0
1,153.0,161.99999999999997,2.9999999999999996,0.7463770740577172,1
1,159.0,159.0,4.0,0.7359064050262454,1
1,155.0,161.99999999999997,4.0,0.776478810746973,1
1,150.0,146.0,2.9999999999999996,0.5733168133540334,1
1,157.0,153.0,2.9999999999999996,0.6309006213947838,1
0,138.0,144.0,3.0,0.28771876874494423,0
0,156.0,161.99999999999997,4.0,0.6974265464507087,1
1,148.0,150.0,4.0,0.6515410175859773,1
0,154.0,148.0,3.0,0.46201352760459863,0
1,152.0,148.0,3.5,0.6350262782495076,1
0,144.0,147.0,2.5000000000000004,0.38571925313071775,0
1,140.0,140.0,3.5,0.44230962739881813,0
1,170.0,159.0,5.0,0.9033008426337658,1
0,146.0,146.0,3.4999999999999996,0.4360762060209964,0
1,152.0,160.0,2.5,0.6707143006845532,1
1,144.0,158.0,1.4999999999999998,0.6441576873516798,1
1,158.0,161.99999999999997,2.9999999999999996,0.780953618272897,1
1,152.0,161.99999999999997,4.0,0.7917928469892282,1
1,150.0,141.0,5.5,0.5485823867922256,1
1,136.0,154.0,2.5,0.5523580087000989,1
0,160.0,155.0,5.5,0.6891215181522311,1
1,148.0,161.99999999999997,2.5,0.7129109064009778,1
0,148.0,166.0,3.4999999999999996,0.7239487742123125,1
1,154.0,161.99999999999997,2.5,0.7530204837750256,1
0,150.0,132.0,4.0,0.3323623405403876,0
0,148.0,144.0,2.0,0.2875732918266748,0
1,144.0,152.0,2.9999999999999996,0.5862106293016393,1
0,152.0,147.0,5.5,0.5736484180010369,1
1,156.0,148.0,5.5,0.6641140160529851,1
0,142.0,158.0,1.5,0.4671849220274945,0
1,154.0,152.0,4.0,0.6569054922813119,1
1,146.0,150.0,2.9999999999999996,0.5767228915962243,1
0,145.0,152.0,3.4999999999999996,0.5131533740842739,1
0,144.0,158.0,3.4999999999999996,0.5756508957773208,1
1,145.0,154.0,3.5,0.6376057139488982,1
0,140.0,132.0,3.0,0.16740594419975063,0
1,146.0,170.0,4.0,0.8980552917678633,1
0,147.0,153.0,4.0,0.5373848604698322,1
1,156.0,147.0,3.5,0.5611610786718233,1
0,152.0,159.0,4.5,0.6060417212096915,1
0,150.0,138.0,3.0,0.2999497621631463,0
1,148.0,150.0,3.5,0.5518942858018054,1
0,151.0,164.0,4.0,0.6612927248574472,1
0,151.0,156.0,4.5,0.6294034290910535,1
0,149.0,144.0,3.4999999999999996,0.4581474409386183,0
0,146.0,154.0,3.4999999999999996,0.4946213587712495,0
0,142.0,146.0,2.5000000000000004,0.3573358455245698,0
0,150.0,161.99999999999997,3.4999999999999996,0.6311332676159498,1
1,150.0,152.0,3.5,0.6404846367537489,1
1,163.0,144.0,4.5,0.642665979871751,1
1,146.0,166.0,2.5,0.7289225876975524,1
1,142.0,160.0,2.5,0.6286964871994216,1
1,146.0,150.0,3.5,0.5787814629666624,1
1,158.0,152.0,4.5,0.6952128817761474,1
0,161.0,170.0,5.5,0.8848589167766808,1
0,164.0,163.0,3.4999999999999996,0.734990738510682,1
0,146.0,161.0,2.5000000000000004,0.5662896139551962,1
0,156.0,165.0,4.5,0.7565461139134951,1
0,148.0,148.0,3.0,0.404286392811844,0
1,153.0,150.0,3.5,0.6337711108613914,1
1,170.0,154.0,5.0,0.8269011173072905,1
1,138.0,153.0,2.0,0.568816451393154,1
1,149.0,152.0,3.5,0.5979162280064263,1
0,155.0,152.0,4.0,0.5506304831690266,1
1,160.0,154.0,4.0,0.7044683707485624,1
1,146.0,148.0,4.0,0.5923660059747031,1
1,155.0,166.99999999999997,4.5,0.9126848956746257,1
0,148.0,150.0,3.4999999999999996,0.4427597396995423,0
0,154.0,150.0,3.0,0.4380940210158351,0
0,145.0,158.0,3.0,0.5678850466661243,1
0,154.0,161.99999999999997,3.4999999999999996,0.6826882368352686,1
0,150.0,166.0,2.5000000000000004,0.6376167439906206,1
0,135.0,150.0,3.0,0.36592731810494084,0
0,149.0,147.0,3.4999999999999996,0.46778228555003415,0
1,161.0,160.0,3.5,0.8334590619330096,1
0,152.0,151.0,3.0,0.525074817139642,1
0,133.0,147.0,2.5000000000000004,0.2944184282535277,0
0,155.0,160.0,4.5,0.6918978469012345,1
0,150.0,145.0,3.0,0.4148987012231949,0
1,146.0,140.0,3.5,0.5098047313356304,1
1,154.0,148.0,2.9999999999999996,0.5764632713704488,1
0,152.0,168.0,4.0,0.7074493682342666,1
1,144.0,156.0,2.9999999999999996,0.6375806518412457,1
0,148.0,165.0,4.0,0.6774290960093847,1
1,153.0,163.0,3.5,0.7997779523223866,1
1,140.0,146.0,2.5,0.48921302029890296,0
0,156.0,144.0,5.000000000000001,0.47541971468830985,0
0,160.0,150.0,4.5,0.5662836949379779,1
0,164.0,161.99999999999997,5.000000000000001,0.7841858566057112,1
1,156.0,158.0,4.5,0.7755810305227706,1
1,149.0,148.0,3.5,0.6109960856695363,1
1,137.0,156.0,4.0,0.6620677892980484,1
1,150.0,154.0,3.5,0.6226505975491976,1
0,158.0,152.0,4.0,0.6181658493772335,1
0,152.0,144.0,3.4999999999999996,0.40155324538658377,0
1,139.0,138.0,2.9999999999999996,0.38113121224613244,0
1,138.0,161.99999999999997,2.5,0.7105688098783985,1
0,157.0,148.0,3.4999999999999996,0.4687822893215975,0
0,160.0,154.0,4.5,0.6569436032634202,1
1,154.0,159.0,4.0,0.7499427749247469,1
0,150.0,147.0,4.0,0.4625902556051905,0
0,147.0,152.0,4.5,0.5733190508655164,1
0,144.0,154.0,3.0,0.5258864877759202,1
1,145.0,156.0,2.0,0.6506624987337744,1
1,146.0,144.0,4.0,0.5089454215943285,1
0,147.0,155.0,3.0,0.5431746094905773,1
0,153.0,142.0,4.5,0.44666896287911695,0
1,140.0,154.0,4.0,0.6000396211120265,1
1,149.0,156.0,2.9999999999999996,0.6411547507071222,1
1,163.0,161.0,5.5,0.8782655311316657,1
0,158.0,157.0,3.4999999999999996,0.5951635211005072,1
1,146.0,146.0,2.9999999999999996,0.4843978356657118,0
1,149.0,161.99999999999997,2.9999999999999996,0.700006332165381,1
1,156.0,153.0,4.0,0.6772599605714916,1
1,150.0,152.0,4.5,0.710380316724084,1
1,166.0,155.0,4.0,0.8169700100082528,1
0,156.0,153.0,4.0,0.5610262686057281,1
1,152.0,148.0,4.0,0.6494108294322012,1
1,154.0,156.0,4.5,0.7716937840537323,1
1,156.0,154.0,4.5,0.6922913182935275,1
1,158.0,155.0,2.5,0.7082275674232865,1
1,154.0,152.0,4.0,0.713014707168063,1
0,148.0,142.0,3.0,0.32430700718992755,0
0,148.0,142.0,2.0,0.30324608971889916,0
0,159.0,156.0,5.000000000000001,0.6375483138605154,1
0,148.0,161.99999999999997,3.0,0.5843494457000192,1
0,156.0,150.0,4.0,0.5439742582310525,1
0,157.0,160.0,4.0,0.6506762657163517,1
0,136.0,144.0,3.0,0.27697058731234264,0
1,152.0,144.0,3.5,0.5641781309952442,1
1,148.0,161.99999999999997,3.5,0.7120168638149674,1
1,144.0,151.0,2.9999999999999996,0.6173395368782357,1
1,158.0,154.0,4.5,0.7422931481366414,1
1,134.0,154.0,2.5,0.5193916346662235,1
0,134.0,160.0,2.5000000000000004,0.4842849389030772,0
1,156.0,163.0,3.5,0.7965555989728499,1
0,134.0,140.0,2.5000000000000004,0.2671914271384521,0
1,166.0,165.0,3.5,0.8453818946222338,1
1,149.0,150.0,2.5,0.560830740007935,1
1,150.0,164.0,3.5,0.8273128922987414,1
1,145.0,150.0,3.5,0.5722354704693811,1
1,154.0,168.0,4.0,0.87371681843371,1
0,147.0,147.0,2.5000000000000004,0.3443332789643268,0
1,138.0,144.0,2.5,0.4751718444835224,0
1,144.0,159.0,4.5,0.7569304890971709,1
1,142.0,132.0,2.9999999999999996,0.28830798174182226,0
1,159.0,148.0,4.5,0.6450498514950223,1
0,149.0,151.0,3.0,0.4679018057449182,0
1,136.0,143.0,2.5,0.37359729364871735,0
0,158.0,160.0,3.4999999999999996,0.6200370517072388,1
1,161.99999999999997,163.0,5.0,0.8862139944175492,1
1,145.0,166.99999999999997,2.5,0.7141301865356323,1
1,158.0,168.0,3.5,0.9131514267487597,1
1,144.0,168.0,2.0,0.701435561371831,1
1,170.0,157.0,4.5,0.8176595963937837,1
0,146.0,152.0,3.0,0.4555637639020762,0
1,164.0,161.0,4.0,0.8344731003610342,1
1,165.0,161.0,3.5,0.8299149022588267,1
1,136.0,158.0,2.5,0.6151572784555408,1
1,156.0,154.0,4.5,0.6895674067564465,1
1,146.0,147.0,3.5,0.5556734608562937,1
1,161.99999999999997,170.0,4.0,0.943454018452957,1
1,169.0,158.0,4.5,0.7932633446500159,1
0,149.0,152.0,3.0,0.4486793410624236,0
0,137.0,146.0,2.0,0.3258643208844282,0
1,161.0,168.0,2.9999999999999996,0.8800182872276526,1
0,155.0,152.0,3.4999999999999996,0.5831055370934047,1
1,140.0,156.0,3.5,0.6357139734927705,1
1,161.99999999999997,170.0,4.5,1.0050253136625973,1
1,146.0,153.0,2.0,0.5335217162160383,1
1,150.0,135.0,4.5,0.43892401038099765,0
0,164.0,164.0,5.000000000000001,0.8163318243184918,1
1,150.0,158.0,3.5,0.6751735359185718,1
0,160.0,144.0,4.0,0.467415658329762,0
1,156.0,156.0,4.0,0.7559300635769497,1
0,148.0,144.0,3.4999999999999996,0.4148318180670091,0
0,148.0,149.0,3.4999999999999996,0.5090938753743216,1
0,144.0,147.0,3.4999999999999996,0.43899566459194894,0
0,136.0,153.0,3.0,0.3905648928853155,0
1,154.0,168.0,4.0,0.8655626262383571,1
0,160.0,164.0,4.0,0.6899226986349062,1
0,156.0,144.0,4.5,0.4628248064956673,0
1,144.0,148.0,2.5,0.47409704457734697,0
0,158.0,152.0,4.5,0.5967473061523997,1
0,148.0,146.0,3.4999999999999996,0.43982525261436245,0
0,152.0,154.0,4.5,0.6355313452051246,1
1,144.0,150.0,2.9999999999999996,0.5118834174328545,1
0,148.0,154.0,4.0,0.5315825285931627,1
0,166.0,166.0,5.000000000000001,0.8714356795053602,1
1,144.0,150.0,3.5,0.5331255110227432,1
1,160.0,170.0,5.0,1.0039165195951143,1
0,157.0,160.0,3.4999999999999996,0.6233233517155555,1
1,144.0,154.0,3.5,0.6168301422656082,1
0,130.0,143.0,3.4999999999999996,0.2923732250580731,0
0,156.0,160.0,5.000000000000001,0.7125138847870862,1
1,163.0,161.0,4.0,0.8405432085987743,1
1,153.0,144.0,3.5,0.5188969569224375,1
0,170.0,152.0,5.000000000000001,0.6589174701086529,1
1,140.0,142.0,4.0,0.4552699261968979,0
1,148.0,140.0,2.9999999999999996,0.4178776105813216,0
0,154.0,151.0,3.4999999999999996,0.4943940698583844,0
1,148.0,156.0,4.0,0.6697617260646532,1
0,160.0,165.0,4.0,0.7199882396535974,1
0,152.0,152.0,4.0,0.5814563458142159,1
1,157.0,170.0,3.5,0.905731178434126,1
1,158.0,170.0,4.0,0.8848664907061734,1
0,140.0,152.0,3.0,0.436576686923842,0
0,146.0,134.0,4.0,0.3039280768841568,0
0,150.0,152.0,3.0,0.5104549532590569,1
1,148.0,152.0,4.5,0.6401398322233424,1
1,151.0,161.99999999999997,4.5,0.7803725674008717,1
1,130.0,161.0,2.5,0.646958023694737,1
0,153.0,140.0,4.0,0.37805019414556035,0
1,148.0,143.0,4.0,0.5247058269702487,1
0,145.0,154.0,3.4999999999999996,0.530331386657782,1
1,143.0,150.0,2.9999999999999996,0.5960586210940841,1
0,146.0,155.0,3.4999999999999996,0.4912719485536014,0
0,150.0,145.0,3.4999999999999996,0.46364414790608777,0
0,144.0,150.0,3.4999999999999996,0.5050546018319357,1
1,139.0,150.0,2.5,0.4974329746133512,0
1,152.0,157.0,2.9999999999999996,0.6616657100255626,1
1,142.0,156.0,2.9999999999999996,0.6086979128595086,1
0,150.0,154.0,4.0,0.5562559460388361,1
1,144.0,160.0,2.9999999999999996,0.7332993867133313,1
1,144.0,149.0,2.9999999999999996,0.5860508606982402,1
1,135.0,141.0,2.9999999999999996,0.3641867045138538,0
1,142.0,148.0,2.9999999999999996,0.476295739333193,0
1,157.0,160.0,5.0,0.7826914719748826,1
0,142.0,141.0,3.0,0.26498294341132783,0
1,151.0,160.0,2.9999999999999996,0.7208712121491851,1
1,134.0,144.0,2.0,0.43780577724802566,0
1,164.0,152.0,4.0,0.6951210239204211,1
0,151.0,156.0,3.4999999999999996,0.5620600552939424,1
1,160.0,150.0,5.0,0.6693653674913538,1
0,141.0,153.0,3.4999999999999996,0.5050324709637029,1
1,158.0,161.0,3.5,0.7741871522221802,1
1,154.0,161.99999999999997,3.5,0.7356863750609179,1
0,158.0,154.0,4.0,0.5979442778028435,1
1,156.0,160.0,2.9999999999999996,0.7357697091930275,1
0,138.0,146.0,3.4999999999999996,0.3823838706383732,0
0,150.0,144.0,4.0,0.4159667856008882,0
0,144.0,145.0,3.4999999999999996,0.39904044438051384,0
1,151.0,158.0,4.0,0.7144781700090966,1
0,138.0,148.0,2.0,0.3770848177140131,0
1,154.0,139.0,4.0,0.4930877374361438,0
1,151.0,152.0,4.5,0.6617859000376176,1
1,144.0,160.0,2.5,0.648561116173896,1
0,144.0,132.0,2.0,0.12364066045763421,0
0,144.0,152.0,3.4999999999999996,0.504248774096822,1
0,132.0,138.0,2.0,0.18448318691044235,0
0,154.0,165.0,3.4999999999999996,0.6868564705886765,1
0,168.0,150.0,5.000000000000001,0.5984995838921584,1
1,152.0,150.0,3.5,0.6236309307264323,1
0,150.0,143.0,2.5000000000000004,0.31675831982740627,0
1,151.0,158.0,3.5,0.7482316327659302,1
1,157.0,151.0,2.5,0.6500891473897225,1
0,150.0,160.0,3.0,0.610597592044879,1
1,142.0,146.0,2.5,0.4933802118348553,0
0,152.0,142.0,3.4999999999999996,0.38101516255714324,0
0,154.0,154.0,5.000000000000001,0.6600059985873145,1
0,163.0,154.0,4.5,0.6878202573016232,1
0,147.0,141.0,3.0,0.33320217788857254,0
1,164.0,156.0,4.0,0.743840283885933,1
1,149.0,164.0,4.5,0.8443729681616218,1
1,136.0,169.0,1.4999999999999998,0.7094893715219748,1
0,150.0,156.0,3.4999999999999996,0.5283802384153231,1
1,168.0,170.0,5.0,0.9845585099238174,1
0,140.0,142.0,4.0,0.38095561794516647,0
1,158.0,159.0,5.0,0.8498171271841887,1
1,152.0,156.0,2.9999999999999996,0.6967138872936465,1
0,140.0,130.0,3.4999999999999996,0.22956634403764528,0
0,146.0,134.0,2.5000000000000004,0.2004198092175807,0
1,151.0,166.0,2.9999999999999996,0.7890199203679077,1
0,164.0,149.0,5.5,0.6669831113601579,1
1,144.0,154.0,2.5,0.5987784627891912,1
0,161.0,161.99999999999997,4.5,0.7437595146198752,1
1,151.0,147.0,3.5,0.600440502057421,1
0,147.0,148.0,3.0,0.420981932922462,0
0,152.0,163.0,4.5,0.7301963894987541,1
0,156.0,149.0,3.4999999999999996,0.5500768097378191,1
1,141.0,145.0,2.9999999999999996,0.5269249228405937,1
0,148.0,147.0,3.4999999999999996,0.4109206411262019,0
0,158.0,158.0,4.0,0.6343082201753429,1
0,148.0,138.0,4.5,0.3883233690536666,0
0,136.0,146.0,2.5000000000000004,0.2822826134146386,0
0,155.0,159.0,4.5,0.6969273635864444,1
1,145.0,157.0,2.9999999999999996,0.6086910806690908,1
0,148.0,148.0,3.4999999999999996,0.4304862193933452,0
0,160.0,160.0,4.5,0.6613181385798981,1
1,159.0,164.0,3.5,0.8633597853169525,1
0,140.0,159.0,2.5000000000000004,0.47232553989358733,0
1,146.0,153.0,2.9999999999999996,0.6041380020169954,1
1,146.0,147.0,3.5,0.5628336374898493,1
1,149.0,156.0,3.5,0.6809636929068645,1
0,154.0,165.0,4.5,0.7365509416412399,1
0,153.0,159.0,5.000000000000001,0.6735891037187638,1
1,148.0,151.0,4.0,0.6476365391422707,1
1,146.0,154.0,2.5,0.5741779412435261,1
1,131.0,150.0,0.5,0.386454736366781,0
1,149.0,168.0,2.9999999999999996,0.8023637526335359,1
0,140.0,164.0,2.0,0.5525044577912251,1
0,154.0,157.0,5.000000000000001,0.6508450788523575,1
0,158.0,144.0,4.5,0.5237373772750407,1
1,169.0,150.0,4.0,0.7424938984933039,1
0,154.0,151.0,3.4999999999999996,0.4977755913511589,0
0,146.0,151.0,2.0,0.38438690467467795,0
1,140.0,146.0,4.0,0.5025988731386919,1
0,148.0,151.0,3.4999999999999996,0.4557166800370711,0
1,166.99999999999997,156.0,4.0,0.8094856822277303,1
0,160.0,159.0,4.0,0.711975219570415,1
0,148.0,154.0,4.0,0.5514120943331193,1
0,152.0,158.0,4.0,0.6400407314220549,1
0,154.0,153.0,4.0,0.5921524993980258,1
0,152.0,159.0,4.0,0.5927780011983175,1
1,145.0,156.0,2.5,0.5940554731311701,1
0,158.0,170.0,4.0,0.7983242404348497,1
0,148.0,164.0,3.4999999999999996,0.6840759392328349,1
1,159.0,158.0,4.0,0.7648879547753387,1
1,142.0,154.0,2.0,0.5892898539118623,1
1,168.0,156.0,4.5,0.8076622714294118,1
0,150.0,140.0,5.000000000000001,0.3844356170468704,0
1,138.0,150.0,2.5,0.49588425314605056,0
1,151.0,153.0,3.5,0.6073576087221157,1
1,130.0,146.0,2.0,0.43204144401277833,0
1,148.0,152.0,4.0,0.6768615919640599,1
0,150.0,150.0,4.5,0.524116032597741,1
0,160.0,140.0,4.0,0.48253014086179125,0
0,152.0,156.0,4.5,0.6415505128963912,1
1,170.0,163.0,4.0,0.9119991650579353,1
0,142.0,166.0,3.4999999999999996,0.6494552146579997,1
0,142.0,146.0,3.0,0.34126039605797936,0
0,152.0,147.0,3.4999999999999996,0.45665273353856295,0
0,152.0,161.99999999999997,3.0,0.6382099339652324,1
1,142.0,164.0,2.0,0.649900173977432,1
1,168.0,156.0,4.0,0.7613828473342442,1
0,139.0,141.0,4.0,0.35468137915697145,0
0,154.0,144.0,5.000000000000001,0.5141139897258467,1
1,153.0,164.0,4.0,0.842176376968991,1
0,158.0,144.0,4.5,0.4921810082327971,0
0,138.0,151.0,2.5000000000000004,0.4139642082336637,0
0,159.0,152.0,3.4999999999999996,0.5372825324399358,1
1,148.0,170.0,4.0,0.8511178170887294,1
1,152.0,142.0,2.9999999999999996,0.4623242254814021,0
0,145.0,156.0,3.0,0.49436122781064196,0
0,132.0,154.0,2.0,0.34162461027386515,0
0,164.0,160.0,4.0,0.7533225007035328,1
0,155.0,158.0,4.0,0.6281464920548322,1
0,152.0,154.0,4.0,0.5409490347702159,1
1,155.0,150.0,4.0,0.6551824333596318,1
0,166.0,166.0,6.0,0.8461208272262174,1
0,150.0,157.0,4.0,0.5912240531277422,1
0,153.0,143.0,4.0,0.4296634101804595,0
0,135.0,150.0,3.0,0.391934191411017,0
1,137.0,144.0,2.0,0.46325460821312425,0
