ID;Gender_F;Gender_M;Race_B;Race_A;Race_W;GRE_Verbal;GRE_Quant;Admit;Help_1;Help_2;Help_3;Help_4;Help_5;Help_6
1;1;0;1;0;0;149;165;0;-0,195323764;1,457841343;148,5914674;165,1243284;149;165
2;1;0;0;1;0;164;159;0;1,615720884;0,065457413;163,8766843;158,714743;164;159
3;1;0;0;0;1;140;153;0;-1,17789504;0,412404793;140,2985659;152,9531292;140;153
4;0;1;1;0;0;149;156;0;-0,194926941;0,409055609;148,5948166;156,0121189;149;156
5;0;1;0;1;0;153;154;0;0,268612583;-0,043409693;152,5070902;153,5366634;153;154
6;0;1;0;0;1;141;153;0;-1,099642351;0,380520107;140,9590186;152,9219049;141;153
7;1;0;1;0;0;145;150;0;-0,667903657;-0,095599302;144,6028931;150,1410008;145;150
8;1;0;0;1;0;165;160;0;1,79179255;0,176383377;165,3627291;160,2317843;165;160
9;1;0;0;0;1;148;157;0;-0,285544439;0,599726906;147,8300049;157,3842791;148;157
10;0;1;1;0;0;156;144;0;0,662624888;-1,280339685;155,8325541;144,0261509;156;144
11;0;1;0;1;0;145;152;0;-0,567705031;0,065404412;145,4485695;151,8548315;145;152
12;0;1;0;0;1;142;153;0;-0,962139791;0,367816467;142,1195402;153,2434942;142;153
13;1;0;1;0;0;167;162;0;1,979801705;0,303854814;166,9495264;161,9301009;167;162
14;1;0;0;1;0;157;160;0;0,821905948;0,556869701;157,1768862;160,4910363;157;160
15;1;0;0;0;1;136;154;0;-1,701898711;0,696616681;135,8759749;153,7765873;136;154
16;0;1;1;0;0;158;152;0;0,89850042;-0,438833209;157,8233435;152,0794741;158;152
17;0;1;0;1;0;137;146;0;-1,604528459;-0,277400501;136,6977798;145,6187331;137;146
18;0;1;0;0;1;144;163;0;-0,709635691;1,344033297;144,2506748;162,5196275;144;163
19;1;0;1;0;0;137;151;0;-1,603267073;0,322860837;136,7084259;150,8386854;137;151
20;1;0;0;1;0;158;163;0;0,970268845;0,82306765;158,429069;163,2702685;158;163
21;1;0;0;0;1;158;170;0;0,875455191;2,206079235;157,6288418;174,990124;158;175
22;0;1;1;0;0;154;155;0;0,455318529;0,107705746;154,0828884;155,4363411;154;155
23;0;1;0;1;0;140;134;0;-1,25733565;-1,772273137;139,6280871;133,7197319;140;134
24;0;1;0;0;1;148;153;0;-0,208255287;0,015795512;148,4823254;152,5530008;148;153
25;1;0;1;0;0;143;144;0;-0,839991035;-0,693843518;143,1504757;144,4019094;143;144
26;1;0;0;1;0;170;168;0;2,484006527;0,842698628;171,2050151;168,1964108;171;168
27;1;0;0;0;1;156;155;0;0,684318177;-0,071947722;156,0156454;154,594662;156;155
28;0;1;1;0;0;149;143;0;-0,185438564;-1,145326853;148,6748985;142,535073;149;143
29;0;1;0;1;0;154;166;0;0,427830392;1,38343672;153,8508885;166,4354883;154;166
30;0;1;0;0;1;137;149;0;-1,557998374;0,131689692;137,0904937;149,319714;137;149
31;1;0;1;0;0;170;162;0;2,293616686;0,15018788;169,5981248;161,5806884;170;162
32;1;0;0;1;0;162;164;0;1,377351275;0,736970267;161,8648448;163,8010128;162;164
33;1;0;0;0;1;139;146;0;-1,371731167;-0,277547265;138,662589;146,3488138;139;146
34;0;1;1;0;0;152;139;0;0,149677886;-1,673433582;151,5032814;138,998875;152;139
35;0;1;0;1;0;132;150;0;-2,162775826;0,378066681;131,986172;149,5606456;132;150
36;0;1;0;0;1;157;166;0;0,838427651;1,189084551;157,3163294;166,0365914;157;166
37;1;0;1;0;0;146;153;0;-0,487236729;0,206398616;146,127722;153,3328043;146;153
38;1;0;0;1;0;150;149;0;0,01389195;-0,421430338;150,3572481;149,451611;150;149
39;1;0;0;0;1;159;159;0;1,020854319;0,360635391;158,8560105;159,4108683;159;159
40;0;1;1;0;0;156;157;0;0,672224109;0,159576682;155,9135715;156,5685058;156;157
41;0;1;0;1;0;157;160;0;0,79743287;0,45917793;156,9703334;159,565256;157;160
42;0;1;0;0;1;149;151;0;-0,180338719;-0,203012079;148,7179412;150,7393681;149;151
43;1;0;1;0;0;150;136;0;0,024177124;-2,021885861;150,4440549;135,5767149;150;136
44;1;0;0;1;0;153;168;0;0,292399014;1,582880747;152,7078477;167,7430921;153;168
45;1;0;0;0;1;146;148;0;-0,457190969;-0,399110909;146,3813082;148,1656022;146;148
46;0;1;1;0;0;143;139;0;-0,822302005;-1,278526092;143,2997711;139,3768639;143;139
47;0;1;0;1;0;141;130;0;-1,06203212;-2,78507711;141,2764489;125,5325059;141;126
48;0;1;0;0;1;147;158;0;-0,41455389;0,67379777;146,7411652;157,6226241;147;158
49;1;0;1;0;0;157;154;0;0,775152977;-0,227938015;156,7822911;153,5245461;157;154
50;1;0;0;1;0;158;153;0;0,954206451;-0,37252677;158,2935024;152,8306521;158;153
51;1;0;0;0;1;147;157;0;-0,326942408;0,537260326;147,4806061;156,711418;147;157
52;0;1;1;0;0;151;135;0;0,077875148;-2,122514441;150,8972663;134,8709975;151;135
53;0;1;0;1;0;149;160;0;-0,161975759;0,90526964;148,8729246;160,4275056;149;160
54;0;1;0;0;1;156;135;0;0,648740709;-2,327644334;155,7153716;134,8819462;156;135
55;1;0;1;0;0;143;135;0;-0,824199636;-1,754387456;143,2837551;135,2358902;143;135
56;1;0;0;1;0;161;148;0;1,314799454;-1,0045461;161,3369074;148,4715395;161;148
57;1;0;0;0;1;151;153;0;0,137451493;-0,085993708;151,4000906;152,7545726;151;153
58;0;1;1;0;0;159;148;0;0,997557489;-0,927976824;158,6593852;148,1402432;159;148
59;0;1;0;1;0;155;151;0;0,607248594;-0,403206838;155,3651781;151,4740539;155;151
60;0;1;0;0;1;151;162;0;0,116380674;0,955409806;151,2222529;161,7376847;151;162
61;1;0;1;0;0;155;138;0;0,508465244;-1,895730654;154,5314467;138,1943841;155;138
62;1;0;0;1;0;156;160;0;0,685965147;0,517293408;156,0295458;159,7200652;156;160
63;1;0;0;0;1;146;169;0;-0,542685667;2,070792701;145,659733;169,3593161;146;169
64;0;1;1;0;0;146;169;0;-0,484659346;1,960445648;146,1494751;168,5827475;146;169
65;0;1;0;1;0;149;147;0;-0,20472988;-0,636932893;148,5120798;146,8921725;149;147
66;0;1;0;0;1;150;167;0;-0,028199833;1,645317464;150,0019934;167,2784445;150;167
67;1;0;1;0;0;150;155;0;-0,03699797;0,207161481;149,9277371;154,7539033;150;155
68;1;0;0;1;0;160;160;0;1,191360003;0,346392372;160,2950784;159,8227638;160;160
69;1;0;0;0;1;163;155;0;1,54805226;-0,287384673;163,3055611;155,436123;163;155
70;0;1;1;0;0;145;166;0;-0,585142753;1,683575796;145,3013952;165,8611996;145;166
71;0;1;0;1;0;170;163;0;2,644268597;0,130308966;172,557627;162,509558;173;163
72;0;1;0;0;1;142;160;0;-0,979186738;1,108153972;141,9756639;159,6231253;142;160
73;1;0;1;0;0;150;158;0;-0,081607811;0,609711869;149,5512301;158,1117311;150;158
74;1;0;0;1;0;154;148;0;0,462589393;-0,755410911;154,1442545;147,9591043;154;148
75;1;0;0;0;1;142;146;0;-0,943742139;-0,432191508;142,2748163;146,3495982;142;146
76;0;1;1;0;0;158;161;0;0,892527083;0,626609426;157,7729286;161,3189051;158;161
77;0;1;0;1;0;155;147;0;0,600868723;-0,906811417;155,311332;147,0779232;155;147
78;0;1;0;0;1;160;147;0;1,202409892;-1,170237837;160,3883395;146,6786729;160;147
79;1;0;1;0;0;149;147;0;-0,106550979;-0,692554888;149,3407097;146,7172823;149;147
80;1;0;0;1;0;166;167;0;1,834333967;0,886783039;165,7217787;166,5384723;166;167
81;1;0;0;0;1;155;157;0;0,515971633;0,315100959;154,5948006;157,429056;155;157
82;0;1;1;0;0;138;151;0;-1,430022318;0,295530962;138,1706116;151,1454673;138;151
83;0;1;0;1;0;153;151;0;0,273323957;-0,34926978;152,5468542;150,893684;153;151
84;0;1;0;0;1;154;166;0;0,482388473;1,293593374;154,3113587;165,8261914;154;166
85;1;0;1;0;0;162;161;0;1,451749697;0,374590531;162,4927674;160,8858329;162;161
86;1;0;0;1;0;157;154;0;0,841824728;-0,233978618;157,3450007;153,6815121;157;154
87;1;0;0;0;1;138;160;0;-1,402271152;1,300326185;138,4048315;159,9638497;138;160
88;0;1;1;0;0;132;155;0;-2,202703164;1,067587988;131,6491853;155,4268267;132;155
89;0;1;0;1;0;152;145;0;0,198184685;-1,017158699;151,9126787;144,8539849;152;145
90;0;1;0;0;1;140;165;0;-1,220658092;1,844741154;139,9376457;165,265116;140;165
91;1;0;1;0;0;148;150;0;-0,239135879;-0,281103346;148,2216932;149,8760745;148;150
92;1;0;0;1;0;142;148;0;-1,006004184;-0,221548502;141,7493247;147,9843847;142;148
93;1;0;0;0;1;151;148;0;0,135783515;-0,601286508;151,3860129;148,2716797;151;148
94;0;1;1;0;0;138;142;0;-1,479111281;-0,686141789;137,7563008;142,4609736;138;142
95;0;1;0;1;0;151;158;0;0,048828678;0,558360951;150,652114;158,075295;151;158
96;0;1;0;0;1;144;156;0;-0,740832948;0,572691198;143,9873699;155,7190171;144;156
97;1;0;1;0;0;149;158;0;-0,11575592;0,624037992;149,26302;158,1289387;149;158
98;1;0;0;1;0;150;153;0;-0,027907387;0,03681827;150,0044617;153,3022597;150;153
99;1;0;0;0;1;155;153;0;0,514357745;-0,251275507;154,5811794;152,50244;155;153
100;0;1;1;0;0;137;142;0;-1,53588143;-0,703491436;137,2771607;142,1318642;137;142
101;0;1;0;1;0;149;136;0;-0,166904339;-1,897153047;148,8313274;136,0602831;149;136
102;0;1;0;0;1;156;157;0;0,720535708;0,202901955;156,3213214;157,0967578;156;157
103;1;0;1;0;0;159;170;0;0,997105017;2,002527511;158,6555663;173,6035301;159;174
104;1;0;0;1;0;158;158;0;0,921493926;0,225115719;158,0174087;157,9211153;158;158
105;1;0;0;0;1;148;156;0;-0,233496471;0,386330838;148,2692898;155,6934813;148;156
106;0;1;1;0;0;133;142;0;-2,030770504;-0,547620429;133,1002969;141,9315667;133;142
107;0;1;0;1;0;151;162;0;0,034991636;1,007347145;150,5353294;161,933304;151;162
108;0;1;0;0;1;154;160;0;0,476910564;0,636914914;154,2651252;160,1027541;154;160
109;1;0;1;0;0;167;169;0;2,018745599;1,130839949;167,2782129;169,23856;167;169
110;1;0;0;1;0;131;146;0;-2,232163783;-0,03895917;131,4005377;145,7188973;131;146
111;1;0;0;0;1;156;150;0;0,624814469;-0,545378625;155,5134341;150,2938327;156;150
112;0;1;1;0;0;143;150;0;-0,812166834;-0,105745438;143,3853119;149,5996184;143;150
113;0;1;0;1;0;158;163;0;0,926775336;0,856178356;158,0619838;163,4213458;158;163
114;0;1;0;0;1;138;143;0;-1,398501967;-0,647369604;138,4366434;143,051128;138;143
115;1;0;1;0;0;141;156;0;-1,045539643;0,658561662;141,4156454;155,5079247;141;156
116;1;0;0;1;0;151;141;0;0,107091203;-1,428812138;151,1438498;140,9907303;151;141
117;1;0;0;0;1;155;165;0;0,517405909;1,17110525;154,6069059;164,8718378;155;165
118;0;1;1;0;0;155;157;0;0,507941206;0,315069668;154,5270238;157,4035557;155;157
119;0;1;0;1;0;154;170;0;0,497602597;1,754533945;154,4397659;169,8793455;154;170
120;0;1;0;0;1;157;155;0;0,846858203;-0,052206896;157,3874832;155,2768363;157;155
121;1;0;1;0;0;145;149;0;-0,58347775;-0,260918176;145,3154478;148,9696897;145;149
122;1;0;0;1;0;156;144;0;0,633734094;-1,262090773;155,5887158;144,0939621;156;144
123;1;0;0;0;1;145;150;0;-0,644792694;-0,170464427;144,7979497;149,5630633;145;150
124;0;1;1;0;0;157;149;0;0,761331209;-0,69209855;156,6656354;149,4477863;157;149
125;0;1;0;1;0;145;170;0;-0,575030134;2,398835154;145,3867457;172,1082378;145;172
126;0;1;0;0;1;157;170;0;0,851765705;1,801762738;157,4289026;171,4023804;157;171
127;1;0;1;0;0;162;160;0;1,366626496;0,342253489;161,7743276;160,3374161;162;160
128;1;0;0;1;0;146;164;0;-0,477427034;1,446413965;146,2105158;164,1387743;146;164
129;1;0;0;0;1;140;164;0;-1,161940384;1,641191071;140,4332232;163,6808288;140;164
130;0;1;1;0;0;154;142;0;0,424838878;-1,454640889;153,8256401;141,7645267;154;142
131;0;1;0;1;0;159;132;0;1,004323958;-2,754113118;158,7164942;132,2932328;159;132
132;0;1;0;0;1;162;140;0;1,341931888;-2,042705716;161,5659051;139,5356585;162;140
133;1;0;1;0;0;130;141;0;-2,510997825;-0,532930746;129,0471784;140,550531;129;141
134;1;0;0;1;0;153;157;0;0,322389431;0,309247831;152,9609668;156,7700373;153;157
135;1;0;0;0;1;146;145;0;-0,536057072;-0,770386272;145,7156783;144,6916277;146;145
136;0;1;1;0;0;156;163;0;0,715684779;0,887916719;156,2803795;163,0339752;156;163
137;0;1;0;1;0;162;148;0;1,382118372;-1,127707967;161,9050791;147,6128097;162;148
138;0;1;0;0;1;152;152;0;0,173051793;-0,17427845;151,7005571;152,0992615;152;152
139;1;0;1;0;0;149;160;0;-0,096324932;0,887767403;149,4270176;160,481668;149;160
140;1;0;0;1;0;154;161;0;0,447196608;0,7517454;154,0143394;161,0072278;154;161
141;1;0;0;0;1;170;156;0;2,376942079;-0,493292152;170,3013911;156,2509238;170;156
142;0;1;1;0;0;140;147;0;-1,267120009;-0,212704711;139,5455071;147,2409116;140;147
143;0;1;0;1;0;160;150;0;1,196686792;-0,842567448;160,3400365;149,5079952;160;150
144;0;1;0;0;1;156;147;0;0,658024435;-0,904134647;155,7937262;147,2807435;156;147
145;1;0;1;0;0;151;169;0;0,057735462;1,779131602;150,7272873;168,711201;151;169
146;1;0;0;1;0;148;142;0;-0,248454249;-1,159128674;148,1430461;142,2171716;148;142
147;1;0;0;0;1;153;142;0;0,348742535;-1,364358364;153,183387;142,3099752;153;142
148;0;1;1;0;0;153;158;0;0,31277737;0,42157054;152,879841;157,7158717;153;158
149;0;1;0;1;0;149;166;0;-0,173097303;1,567033224;148,7790588;166,1429813;149;166
150;0;1;0;0;1;150;141;0;0,007938168;-1,448666949;150,3069981;140,5067021;150;141
151;1;0;1;0;0;149;163;0;-0,175537928;1,169232831;148,7584599;162,678615;149;163
152;1;0;0;1;0;136;150;0;-1,63409425;0,240448476;136,4482445;150,025714;136;150
153;1;0;0;0;1;154;157;0;0,45697439;0,257642769;154,0968639;156,7444256;154;157
154;0;1;1;0;0;151;170;0;0,142377103;2,057527707;151,4416627;171,3962428;151;171
155;0;1;0;1;0;149;156;0;-0,101024277;0,387072212;149,3873551;156,1160981;149;156
156;0;1;0;0;1;151;154;0;0,079850898;0,111726769;150,9139416;154,2917128;151;154
157;1;0;1;0;0;151;157;0;0,095035433;0,428866298;151,0420991;157,0952103;151;157
158;1;0;0;1;0;147;152;0;-0,417804792;0,06713166;146,7137276;152,3407671;147;152
159;1;0;0;0;1;162;140;0;1,342002908;-2,022731612;161,5665045;139,7094472;162;140
160;0;1;1;0;0;155;137;0;0,595030959;-2,050489875;155,2620613;137,1215539;155;137
161;0;1;0;1;0;143;155;0;-0,824211873;0,503291023;143,2836518;154,8540189;143;155
162;0;1;0;0;1;151;146;0;0,061473959;-0,826603964;150,7588402;146,0803258;151;146
163;1;0;1;0;0;146;155;0;-0,474190614;0,364457981;146,2378312;154,7472517;146;155
164;1;0;0;1;0;145;132;0;-0,584834746;-2,212369847;145,3039947;132,0082267;145;132
165;1;0;0;0;1;150;154;0;-0,006098616;0,159769184;150,1885277;154,4391599;150;154
166;0;1;1;0;0;164;168;0;1,628584009;1,099358013;163,985249;167,7392651;164;168
167;0;1;0;1;0;146;157;0;-0,502777475;0,579545617;145,9965581;156,5264539;146;157
168;0;1;0;0;1;135;135;0;-1,811359056;-1,451000451;134,9521296;134,7709209;135;135
169;1;0;1;0;0;164;161;0;1,641366494;0,273048207;164,0931332;160,5991778;164;161
170;1;0;0;1;0;143;153;0;-0,805960526;0,236296762;143,4376932;152,5913025;143;153
171;1;0;0;0;1;150;166;0;-0,02066201;1,549716129;150,0656126;166,4713946;150;166
172;0;1;1;0;0;145;164;0;-0,570132202;1,453575989;145,4280842;163,9097663;145;164
173;0;1;0;1;0;148;145;0;-0,293309322;-0,866848016;147,7644693;144,6160367;148;145
174;0;1;0;0;1;149;149;0;-0,093894275;-0,459576487;149,4475323;148,7815176;149;149
175;1;0;1;0;0;152;149;0;0,176418788;-0,49638011;151,7289746;149,3109269;152;149
176;1;0;0;1;0;154;151;0;0,436299424;-0,441879088;153,9223671;150,6009562;154;151
177;1;0;0;0;1;151;151;0;0,038245672;-0,290167901;150,5627935;150,6687296;151;151
178;0;1;1;0;0;159;154;0;1,072248159;-0,246839391;159,2897745;154,2936563;159;154
179;0;1;0;1;0;145;163;0;-0,64613367;1,376922653;144,7866318;163,0049186;145;163
180;0;1;0;0;1;154;147;0;0,388061408;-0,881160981;153,5152383;146,632258;154;147
181;1;0;1;0;0;154;160;0;0,390349226;0,692021547;153,5345475;160,3096638;154;160
182;1;0;0;1;0;149;153;0;-0,090972997;-0,003426866;149,4721879;152,7544214;149;153
183;1;0;0;0;1;130;144;0;-2,34524479;-0,208274826;130,446134;143,8923684;130;144
184;0;1;1;0;0;151;139;0;0,087745682;-1,630509447;150,9805736;139,1772994;151;139
185;0;1;0;1;0;154;164;0;0,407738051;1,093817713;153,6813092;163,8557128;154;164
186;0;1;0;0;1;163;165;0;1,551696187;0,815417648;163,3363158;165,0304057;163;165
187;1;0;1;0;0;165;162;0;1,700212657;0,442134318;164,5897948;162,253328;165;162
188;1;0;0;1;0;157;143;0;0,846426598;-1,497101397;157,3838405;142,7200248;157;143
189;1;0;0;0;1;154;151;0;0,436574311;-0,388481523;153,9246872;151,0658196;154;151
190;0;1;1;0;0;137;152;0;-1,532539147;0,461073557;137,3053696;152,261888;137;152
191;0;1;0;1;0;161;170;0;1,230347523;2,168821867;160,6241331;175,7813047;161;176
192;0;1;0;0;1;152;151;0;0,176803374;-0,281858411;151,7322205;151,1762281;152;151
193;1;0;1;0;0;141;136;0;-1,108258068;-1,581949609;140,8863019;135,8418962;141;136
194;1;0;0;1;0;154;152;0;0,503045226;-0,343674534;154,4857017;151,6639964;154;152
195;1;0;0;0;1;157;169;0;0,744338242;1,550931431;156,5222148;168,8852798;157;169
196;0;1;1;0;0;146;149;0;-0,560245325;-0,303653347;145,5115295;148,6713281;146;149
197;0;1;0;1;0;157;159;0;0,765956017;0,357510136;156,7046688;158,5829228;157;159
198;0;1;0;0;1;147;143;0;-0,39666117;-1,029070077;146,8921797;142,8817129;147;143
199;1;0;1;0;0;153;144;0;0,289703346;-1,200134403;152,6850962;143,5515269;153;144
200;1;0;0;1;0;157;167;0;0,777584123;1,346125788;156,80281;167,2100601;157;167
201;1;0;0;0;1;156;153;0;0,680842576;-0,287917995;155,9863113;152,7070627;156;153
202;0;1;1;0;0;147;161;0;-0,441400725;1,044539986;146,5145779;160,7598581;147;161
203;0;1;0;1;0;157;157;0;0,743674504;0,217263372;156,5166128;157,2942446;157;157
204;0;1;0;0;1;136;146;0;-1,645842846;-0,235339032;136,3490864;145,8544343;136;146
205;1;0;1;0;0;155;148;0;0,564217308;-0,836249015;155,0019941;147,5759333;155;148
206;1;0;0;1;0;151;155;0;0,112659811;0,141906367;151,1908488;154,6570318;151;155
207;1;0;0;0;1;148;169;0;-0,287151064;1,938048785;147,816445;169,0086213;148;169
208;0;1;1;0;0;153;158;0;0,284335409;0,449494262;152,6397909;157,8691625;153;158
209;0;1;0;1;0;170;167;0;2,517491938;0,737779688;171,487632;167,3899122;171;167
210;0;1;0;0;1;147;154;0;-0,406002699;0,255088191;146,8133372;154,0110987;147;154
211;1;0;1;0;0;149;159;0;-0,138560876;0,719161912;149,0705462;158,8838769;149;159
212;1;0;0;1;0;149;155;0;-0,103690142;0,240012042;149,3648552;154,8298391;149;155
213;1;0;0;0;1;146;141;0;-0,493553724;-1,200020521;146,0744066;141,0918361;146;141
214;0;1;1;0;0;153;144;0;0,307782229;-1,111260049;152,837682;144,3806;153;144
215;0;1;0;1;0;156;147;0;0,708403595;-1,009900235;156,2189263;146,5199613;156;147
216;0;1;0;0;1;130;159;0;-2,565261573;1,558186227;128,5891923;158,5508818;129;159
217;1;0;1;0;0;154;147;0;0,390273601;-0,852533093;153,5339092;146,8879708;154;147
218;1;0;0;1;0;133;148;0;-2,087735381;0,161045629;132,6195134;147,9105815;133;148
219;1;0;0;0;1;150;150;0;-0,031143353;-0,341167522;149,9771501;150,0075743;150;150
220;0;1;1;0;0;150;140;0;-0,025273388;-1,510546411;150,0266926;139,8646612;150;140
221;0;1;0;1;0;159;146;0;0,982822979;-1,12974401;158,5350259;146,340691;159;146
222;0;1;0;0;1;143;159;0;-0,884979945;0,969283639;142,7707693;158,7123673;143;159
223;1;0;1;0;0;145;156;0;-0,670215354;0,582120642;144,5833824;156,0228068;145;156
224;1;0;0;1;0;158;152;0;0,874586727;-0,43672099;157,621512;152,0227011;158;152
225;1;0;0;0;1;145;159;0;-0,633022296;0,874772968;144,8972918;158,682664;145;159
226;0;1;1;0;0;162;161;0;1,422003034;0,429270739;162,2417056;161,2675261;162;161
227;0;1;0;1;0;156;157;0;0,723599748;0,176090621;156,3471819;156,8734059;156;157
228;0;1;0;0;1;151;146;0;0,035036657;-0,854807085;150,5357094;145,7521985;151;146
229;1;0;1;0;0;162;158;0;1,337396053;0,11550933;161,5276227;158,2752853;162;158
230;1;0;0;1;0;151;160;0;0,047045062;0,822076095;150,6370603;160,3612525;151;160
231;1;0;0;0;1;146;170;0;-0,497962357;2,628589376;146,0371977;174,3468104;146;174
232;0;1;1;0;0;145;162;0;-0,635749111;1,287001727;144,8742775;162,256172;145;162
233;0;1;0;1;0;152;153;0;0,192694859;-0,132261185;151,8663446;152,5260825;152;153
234;0;1;0;0;1;157;148;0;0,796848995;-0,902877907;156,9654055;147,7277952;157;148
235;1;0;1;0;0;149;151;0;-0,178668891;-0,168902111;148,7320346;151,0410137;149;151
236;1;0;0;1;0;146;170;0;-0,464165187;2,124999715;146,3224458;170,0770296;146;170
237;1;0;0;0;1;156;156;0;0,739891373;0,022035078;156,4846832;155,5859172;156;156
238;0;1;1;0;0;145;140;0;-0,570133903;-1,317731101;145,4280699;139,828402;145;140
239;0;1;0;1;0;157;162;0;0,803839187;0,730201443;157,0244027;161,9404493;157;162
240;0;1;0;0;1;150;143;0;-0,049654641;-1,100268849;149,8209148;143,3531847;150;143
241;1;0;1;0;0;143;139;0;-0,848138934;-1,336220281;143,0817074;138,7943591;143;139
242;1;0;0;1;0;159;170;0;1,047068276;1,557586087;159,0772562;169,8941623;159;170
243;1;0;0;0;1;154;165;0;0,458966773;1,227893905;154,1136796;165,1817122;154;165
244;0;1;1;0;0;160;158;0;1,144447787;0,148797753;159,8991393;157,9583799;160;158
245;0;1;0;1;0;147;153;0;-0,330011119;0,119060135;147,4547062;153,0678138;147;153
246;0;1;0;0;1;147;146;0;-0,431753163;-0,608743419;146,5960033;146,4239094;147;146
247;1;0;1;0;0;159;157;0;1,013645049;0,109982786;158,7951642;157,2101661;159;157
248;1;0;0;1;0;146;145;0;-0,4896667;-0,714911639;146,107213;145,3194162;146;145
249;1;0;0;0;1;158;170;0;0,92743129;1,977576123;158,0675201;173,1678272;158;173
250;0;1;1;0;0;142;148;0;-1,005774378;-0,197527197;141,7512642;148,1938405;142;148
251;0;1;0;1;0;153;159;0;0,311140696;0,539208727;152,8660275;158,7329506;153;159
252;0;1;0;0;1;150;150;0;0,021391062;-0,336648254;150,4205406;150,2118867;150;150
253;1;0;1;0;0;149;137;0;-0,16160935;-1,821277844;148,8760171;136,7362377;149;137
254;1;0;0;1;0;152;147;0;0,234539891;-0,765188743;152,2195167;147,1576992;152;147
255;1;0;0;0;1;152;160;0;0,169405565;0,76093585;151,669783;160,2143802;152;160
256;0;1;1;0;0;147;151;0;-0,331201354;-0,151870499;147,4446606;150,7098144;147;151
257;0;1;0;1;0;137;162;0;-1,545724106;1,57341718;137,1940885;161,8862105;137;162
258;0;1;0;0;1;149;157;0;-0,19375725;0,579705919;148,6046888;157,4986648;149;157
259;1;0;1;0;0;141;139;0;-1,094515735;-1,245629239;141,0022872;138,8075354;141;139
260;1;0;0;1;0;138;139;0;-1,50337214;-1,121052946;137,5515391;138,6055817;138;139
261;1;0;0;0;1;154;161;0;0,502886365;0,758154168;154,4843609;161,237872;154;161
262;0;1;1;0;0;149;166;0;-0,139012877;1,517927455;149,0667313;165,8233549;149;166
263;0;1;0;1;0;147;166;0;-0,382581302;1,620593429;147,0110138;165,9502795;147;166
264;0;1;0;0;1;163;157;0;1,544730364;-0,145547847;163,2775243;156,6581824;163;157
265;1;0;1;0;0;153;146;0;0,282541058;-0,913985212;152,6246465;146,0155281;153;146
266;1;0;0;1;0;153;151;0;0,306260826;-0,404587749;152,8248414;150,5164712;153;151
267;1;0;0;0;1;149;154;0;-0,13469709;0,201975572;149,1031566;154,4019086;149;154
268;0;1;1;0;0;160;154;0;1,213330892;-0,306181313;160,4805127;154,2212283;160;154
269;0;1;0;1;0;144;146;0;-0,758155889;-0,523423583;143,8411643;146,139872;144;146
270;0;1;0;0;1;155;147;0;0,58826816;-0,900183392;155,2049833;147,0959317;155;147
271;1;0;1;0;0;143;153;0;-0,892091748;0,285106229;142,7107456;152,744844;143;153
272;1;0;0;1;0;146;139;0;-0,523425622;-1,474347049;145,8222877;138,6142216;146;139
273;1;0;0;0;1;149;152;0;-0,168822839;-0,043676102;148,8151352;152,1601013;149;152
274;0;1;1;0;0;155;148;0;0,598133813;-0,846551245;155,2882494;147,5929639;155;148
275;0;1;0;1;0;149;145;0;-0,098793829;-0,942881724;149,4061801;144,5664293;149;145
276;0;1;0;0;1;148;146;0;-0,303902946;-0,731706453;147,6750591;145,7570726;148;146
277;1;0;1;0;0;161;155;0;1,263900002;-0,248965801;160,907316;154,8772722;161;155
278;1;0;0;1;0;155;146;0;0,508226483;-1,00874286;154,5294315;145,9011419;155;146
279;1;0;0;0;1;130;151;0;-2,467364174;0,660254548;129,4154464;151,0558311;129;151
280;0;1;1;0;0;158;164;0;0,893042598;0,921870511;157,7772795;163,886205;158;164
281;0;1;0;1;0;166;155;0;1,817561926;-0,491719216;165,5802227;154,5072432;166;155
282;0;1;0;0;1;152;134;0;0,162745967;-2,257486279;151,613576;133,9647857;152;134
283;1;0;1;0;0;153;145;0;0,332315888;-1,089924854;153,0447461;144,6430678;153;145
284;1;0;0;1;0;152;159;0;0,175911722;0,594600246;151,7246949;158,7894416;152;159
285;1;0;0;0;1;165;154;0;1,700253595;-0,471899902;164,5901403;154,3109279;165;154
286;0;1;1;0;0;139;155;0;-1,301683357;0,642263743;139,2537925;154,5616023;139;155
287;0;1;0;1;0;146;155;0;-0,544324943;0,458674818;145,6458975;155,3456178;146;155
288;0;1;0;0;1;163;165;0;1,519433136;0,796850759;163,0640157;164,7677105;163;165
289;1;0;1;0;0;163;150;0;1,521182184;-0,934078042;163,0787776;149,7322458;163;150
290;1;0;0;1;0;149;145;0;-0,127206283;-0,919383426;149,166379;144,6813579;149;145
291;1;0;0;0;1;159;159;0;1,027965266;0,259007194;158,9160268;158,5501067;159;159
292;0;1;1;0;0;148;135;0;-0,208257594;-1,97941704;148,4823059;135,2155322;148;135
293;0;1;0;1;0;155;156;0;0,588495094;0,094765317;155,2068986;155,7422824;155;156
294;0;1;0;0;1;159;170;0;1,003900732;2,168636012;158,7129222;175,0682845;159;175
295;1;0;1;0;0;146;144;0;-0,542573425;-0,836364864;145,6606803;144,0978329;146;144
296;1;0;0;1;0;145;141;0;-0,599002519;-1,229789567;145,1844187;140,5018791;145;141
297;1;0;0;0;1;138;140;0;-1,44813947;-0,93900693;138,0177029;140,3609952;138;140
298;0;1;1;0;0;163;146;0;1,481249777;-1,353494186;162,7417481;145,9622646;163;146
299;0;1;0;1;0;146;147;0;-0,504651622;-0,470183871;145,9807403;147,3989091;146;147
300;0;1;0;0;1;152;143;0;0,25153681;-1,205684934;152,3629707;143,3833914;152;143
301;1;0;1;0;0;146;148;0;-0,496993713;-0,378623805;146,0453731;148,2185812;146;148
302;1;0;0;1;0;142;156;0;-0,933485085;0,687652328;142,3613859;156,1127395;142;156
303;1;0;0;0;1;149;150;0;-0,136020277;-0,319333081;149,0919889;149,867824;149;150
304;0;1;1;0;0;162;153;0;1,431042991;-0,525857731;162,3180028;152,9963076;162;153
305;0;1;0;1;0;145;135;0;-0,643807386;-1,829513319;144,8062657;135,149802;145;135
306;0;1;0;0;1;138;151;0;-1,471343189;0,287461702;137,8218635;150,9455356;138;151
307;1;0;1;0;0;139;140;0;-1,286302036;-1,015264554;139,3836108;140,2067807;139;140
308;1;0;0;1;0;152;165;0;0,213967484;1,293559055;152,0458856;164,9826218;152;165
309;1;0;0;0;1;137;137;0;-1,578654107;-1,292919202;136,9161593;136,8756387;137;137
310;0;1;1;0;0;152;148;0;0,241030951;-0,644727744;152,2743012;148,2248411;152;148
311;0;1;0;1;0;150;151;0;0,015721128;-0,196959453;150,3726863;151,4079042;150;151
312;0;1;0;0;1;144;161;0;-0,784624361;1,253108821;143,6177704;161,4939521;144;161
313;1;0;1;0;0;161;170;0;1,240764883;2,258575514;160,7120556;176,593949;161;177
314;1;0;0;1;0;147;147;0;-0,330106435;-0,559353073;147,4539017;147,1724217;147;147
315;1;0;0;0;1;157;166;0;0,795250621;1,196531457;156,9519152;165,9656566;157;166
316;0;1;1;0;0;151;140;0;0,116249994;-1,544190716;151,2211499;140,0169178;151;140
317;0;1;0;1;0;148;142;0;-0,312531895;-1,133354848;147,6022308;142,2398277;148;142
318;0;1;0;0;1;156;164;0;0,62762945;1,005735248;155,5371926;163,7811283;156;164
319;1;0;1;0;0;144;146;0;-0,751681965;-0,59522121;143,8958042;145,5363228;144;146
320;1;0;0;1;0;156;141;0;0,719640934;-1,612594955;156,3137695;141,3181301;156;141
321;1;0;0;0;1;148;162;0;-0,277993154;1,082463971;147,8937378;161,602761;148;162
322;0;1;1;0;0;145;158;0;-0,655812654;0,79152828;144,7049412;157,8877085;145;158
323;0;1;0;1;0;165;143;0;1,742631221;-1,781728281;164,9478075;143,0622671;165;143
324;0;1;0;0;1;146;151;0;-0,497099278;-0,112527595;146,0444821;150,5305009;146;151
325;1;0;1;0;0;165;153;0;1,693614928;-0,641477782;164,53411;152,8165196;165;153
326;1;0;0;1;0;155;157;0;0,568404213;0,239519695;155,0373316;156,9370125;155;157
327;1;0;0;0;1;145;142;0;-0,635575822;-1,076300207;144,8757401;141,720731;145;142
328;0;1;1;0;0;134;145;0;-1,965167646;-0,214788725;133,6539851;145,029816;134;145
329;0;1;0;1;0;165;153;0;1,743879606;-0,646549487;164,9583439;152,9303603;165;153
330;0;1;0;0;1;161;159;0;1,246331834;0,219240763;160,7590407;158,8905755;161;159
331;1;0;1;0;0;149;160;0;-0,179152241;0,805388177;148,7279551;159,5056209;149;160
332;1;0;0;1;0;144;155;0;-0,729352824;0,504922067;144,0842622;155,1662011;144;155
333;1;0;0;0;1;149;151;0;-0,136139231;-0,155325001;149,0909849;151,2926036;149;151
334;0;1;1;0;0;160;157;0;1,213373717;0,038769709;160,4808742;157,2188255;160;157
335;0;1;0;1;0;147;145;0;-0,382568086;-0,835039308;147,0111254;144,6120241;147;145
336;0;1;0;0;1;140;150;0;-1,214301413;0,077614733;139,9912961;149,9295863;140;150
337;1;0;1;0;0;155;159;0;0,619781463;0,448157956;155,4709555;158,9113879;155;159
338;1;0;0;1;0;152;145;0;0,258438949;-1,046000485;152,4212247;144,7926581;152;145
339;1;0;0;0;1;154;148;0;0,418800735;-0,690608505;153,7746782;148,3846404;154;148
340;0;1;1;0;0;157;161;0;0,774837358;0,607585346;156,7796273;160,7838608;157;161
341;0;1;0;1;0;146;143;0;-0,494892923;-1,011888868;146,0631037;142,7224047;146;143
342;0;1;0;0;1;161;170;0;1,246914806;1,540551086;160,763961;170,373974;161;170
343;1;0;1;0;0;140;150;0;-1,245466778;0,12062167;139,7282604;150,2053873;140;150
344;1;0;0;1;0;162;166;0;1,354013863;1,030197944;161,667877;166,275707;162;166
345;1;0;0;0;1;155;148;0;0,509951066;-0,738723736;154,543987;148,2528994;155;148
346;0;1;1;0;0;170;155;0;2,513299917;-0,687801922;171,4522513;154,9891069;171;155
347;0;1;0;1;0;149;155;0;-0,192637713;0,238974714;148,6141377;154,5413876;149;155
348;0;1;0;0;1;151;159;0;0,061414303;0,684314532;150,7583367;159,2093115;151;159
349;1;0;1;0;0;146;156;0;-0,553609675;0,585157068;145,5675343;156,4155203;146;156
350;1;0;0;1;0;153;143;0;0,320949045;-1,266091343;152,9488099;143,0765535;153;143
351;1;0;0;0;1;147;147;0;-0,342368237;-0,583334568;147,3504121;146,9255121;147;147
352;0;1;1;0;0;140;145;0;-1,180554176;-0,446038778;140,2761228;145,4853032;140;145
353;0;1;0;1;0;150;141;0;-0,058041989;-1,411507669;149,7501256;140,6223156;150;141
354;0;1;0;0;1;160;154;0;1,196112357;-0,282184175;160,3351883;154,3756584;160;154
355;1;0;1;0;0;155;153;0;0,570701472;-0,258056996;155,0567204;152,6205215;155;153
356;1;0;0;1;0;156;163;0;0,702736817;0,875120447;156,1710987;162,8821043;156;163
357;1;0;0;0;1;142;148;0;-1,033439098;-0,261530227;141,517774;147,5507727;142;148
358;0;1;1;0;0;150;156;0;-0,065438738;0,360772275;149,6876971;155,9993595;150;156
359;0;1;0;1;0;149;154;0;-0,187361387;0,184225097;148,6586699;154,0822152;149;154
360;0;1;0;0;1;143;151;0;-0,849035307;0,106380347;143,074142;151,327066;143;151
361;1;0;1;0;0;156;149;0;0,722628758;-0,778143202;156,3389867;148,578511;156;149
362;1;0;0;1;0;145;145;0;-0,617528174;-0,761604997;145,0280622;144,5119832;145;145
363;1;0;0;0;1;148;145;0;-0,267692998;-0,854064143;147,9806711;144,8075988;148;145
364;0;1;1;0;0;140;155;0;-1,172816457;0,61949871;140,3414291;154,7686331;140;155
365;0;1;0;1;0;154;146;0;0,475687361;-1,016090168;154,2548013;145,7350724;154;146
366;0;1;0;0;1;159;147;0;1,074886633;-1,089205614;159,3120432;146,9821779;159;147
367;1;0;1;0;0;137;157;0;-1,513526774;1,029422738;137,465834;157,2603051;137;157
368;1;0;0;1;0;156;148;0;0,646011552;-0,814427442;155,6923375;148,0225174;156;148
369;1;0;0;0;1;168;154;0;2,085513546;-0,638905763;167,8417343;154,0700579;168;154
370;0;1;1;0;0;142;141;0;-0,917535341;-1,015644722;142,4960017;141,3619946;142;141
371;0;1;0;1;0;154;159;0;0,49355059;0,548054295;154,405567;159,3828733;154;159
372;0;1;0;0;1;168;162;0;2,125859871;0,275461056;168,1822573;162,1422288;168;162
373;1;0;1;0;0;147;151;0;-0,385800753;-0,090557422;146,9838416;151,0710668;147;151
374;1;0;0;1;0;156;152;0;0,708303058;-0,391581696;156,2180778;151,8925436;156;152
375;1;0;0;0;1;151;148;0;0,052438082;-0,645094644;150,6825774;147,6291696;151;148
376;0;1;1;0;0;154;150;0;0,448620048;-0,506045001;154,0263532;150,082091;154;150
377;0;1;0;1;0;159;149;0;1,064385201;-0,906864737;159,2234111;148,5336433;159;149
378;0;1;0;0;1;150;161;0;-0,004485452;0,917200597;150,2021428;161,0259515;150;161
379;1;0;1;0;0;153;150;0;0,368860107;-0,533134883;153,3531793;149,5961188;153;150
380;1;0;0;1;0;164;157;0;1,671226442;-0,109055229;164,3451512;157,3726862;164;157
381;1;0;0;0;1;150;163;0;-0,056307613;1,214766982;149,7647637;163,4488594;150;163
382;0;1;1;0;0;144;146;0;-0,786299626;-0,522726557;143,6036312;146,0575125;144;146
383;0;1;0;1;0;156;170;0;0,708550429;1,659190405;156,2201656;169,7135685;156;170
384;0;1;0;0;1;145;136;0;-0,66624668;-1,677986734;144,616878;136,3960016;145;136
385;1;0;1;0;0;151;145;0;0,107341567;-0,91585773;151,1459628;145,4488501;151;145
386;1;0;0;1;0;145;147;0;-0,663239591;-0,468516243;144,6422579;146,9151801;145;147
387;1;0;0;0;1;148;141;0;-0,232696634;-1,321675754;148,2760404;140,8542178;148;141
388;0;1;1;0;0;148;144;0;-0,270963947;-0,948287979;147,9530643;143,9785619;148;144
389;0;1;0;1;0;145;147;0;-0,631234153;-0,441960686;144,9123837;147,2464837;145;147
390;0;1;0;0;1;151;140;0;0,098615913;-1,582491257;151,0723183;139,6287049;151;140
391;1;0;1;0;0;136;148;0;-1,726882027;-0,002149546;135,6651157;147,6261489;136;148
392;1;0;0;1;0;157;143;0;0,799020155;-1,398811016;156,9837301;143,42519;157;143
393;1;0;0;0;1;157;153;0;0,785065728;-0,319033668;156,8659547;152,7641095;157;153
394;0;1;1;0;0;149;145;0;-0,144243421;-0,929319387;149,0225855;144,5414952;149;145
395;0;1;0;1;0;147;157;0;-0,347612918;0,534903198;147,306147;156,6259972;147;157
396;0;1;0;0;1;164;163;0;1,660707154;0,557653605;164,2563684;163,1330259;164;163
397;1;0;1;0;0;152;158;0;0,200384733;0,47089334;151,9312471;157,791371;152;158
398;1;0;0;1;0;148;158;0;-0,308372314;0,6688495;147,6373377;157,913206;148;158
399;1;0;0;0;1;168;167;0;2,094554579;0,809484451;167,9180406;166,6842929;168;167
400;0;1;1;0;0;151;153;0;0,078023604;-0,005049942;150,8985192;153,2712373;151;153
401;0;1;0;1;0;162;155;0;1,373659241;-0,285430991;161,833684;154,9052264;162;155
402;0;1;0;0;1;155;170;0;0,587651711;2,099894136;155,1997804;173,1632619;155;173
403;1;0;1;0;0;159;158;0;1,072920772;0,19240687;159,2954513;158,1126134;159;158
404;1;0;0;1;0;152;144;0;0,206744488;-1,125667509;151,9849235;143,9379857;152;144
405;1;0;0;0;1;147;147;0;-0,419000551;-0,56129829;146,7036353;146,876249;147;147
406;0;1;1;0;0;154;140;0;0,431360691;-1,690661894;153,8806842;139,7341038;154;140
407;0;1;0;1;0;142;145;0;-0,954473298;-0,609065873;142,1842454;144,7789299;142;145
408;0;1;0;0;1;139;156;0;-1,356002641;0,791298277;138,7953377;155,685993;139;156
409;1;0;1;0;0;148;149;0;-0,267873487;-0,33078859;147,9791478;149,3540509;148;149
410;1;0;0;1;0;156;162;0;0,679090885;0,78868913;155,9715271;162,0567706;156;162
411;1;0;0;0;1;144;149;0;-0,73557128;-0,155707981;144,0317784;149,4060999;144;149
412;0;1;1;0;0;155;153;0;0,558677745;-0,186901982;154,9552402;153,2010514;155;153
413;0;1;0;1;0;154;157;0;0,454478936;0,241666759;154,0758022;156,5977618;154;157
414;0;1;0;0;1;146;145;0;-0,488170242;-0,803336367;146,1198432;144,5557481;146;145
415;1;0;1;0;0;140;148;0;-1,179132977;-0,126746196;140,2881177;148,2642708;140;148
416;1;0;0;1;0;152;150;0;0,256929825;-0,463028343;152,4084877;149,8536716;152;150
417;1;0;0;0;1;152;157;0;0,206661661;0,341859953;151,9842244;156,6898509;152;157
418;0;1;1;0;0;147;134;0;-0,396510401;-2,085024725;146,8934522;133,7064359;147;134
419;0;1;0;1;0;156;151;0;0,712204342;-0,492830111;156,2510046;151,0249986;156;151
420;0;1;0;0;1;159;169;0;0,993077334;1,450374976;158,6215727;168,7929301;159;169
421;1;0;1;0;0;165;170;0;1,800944745;1,981655409;165,4399736;175,9475042;165;176
422;1;0;0;1;0;146;166;0;-0,551602118;1,724469314;145,5844781;166,3219164;146;166
423;1;0;0;0;1;143;133;0;-0,895121578;-2,011375387;142,6851739;132,7799772;143;133
424;0;1;1;0;0;136;146;0;-1,692976374;-0,157314535;135,9512794;146,3843559;136;146
425;0;1;0;1;0;160;169;0;1,153412034;1,39905712;159,9747976;168,8507095;160;169
426;0;1;0;0;1;146;144;0;-0,555555679;-0,851338767;145,5511101;143,9269317;146;144
427;1;0;1;0;0;149;155;0;-0,126660629;0,210572448;149,1709843;154,5018588;149;155
428;1;0;0;1;0;140;150;0;-1,182692493;0,023720448;140,2580754;149,5605728;140;150
429;1;0;0;0;1;148;158;0;-0,321832861;0,633608924;147,5237307;157,5646943;148;158
430;0;1;1;0;0;155;167;0;0,568416996;1,371617601;155,0374394;166,7744525;155;167
431;0;1;0;1;0;154;166;0;0,492234137;1,293594107;154,3944561;165,8571289;154;166
432;0;1;0;0;1;144;165;0;-0,696477893;1,67664375;144,3617266;165,4511929;144;165
433;1;0;1;0;0;151;133;0;0,094959914;-2,36883761;151,0414617;132,7842382;151;133
434;1;0;0;1;0;161;164;0;1,222170896;0,78947117;160,5551224;163,7697063;161;164
435;1;0;0;0;1;150;162;0;-0,031870486;1,020962493;149,9710131;161,8415609;150;162
436;0;1;1;0;0;154;149;0;0,448338882;-0,636972549;154,0239802;148,9435087;154;149
437;0;1;0;1;0;157;149;0;0,756681379;-0,753899679;156,6263908;148,8961556;157;149
438;0;1;0;0;1;157;164;0;0,765322949;1,019326184;156,6993257;164,3318051;157;164
439;1;0;1;0;0;160;164;0;1,214988868;0,84968081;160,494506;164,2703368;160;164
440;1;0;0;1;0;155;163;0;0,52404058;1,006412608;154,6629025;163,4615795;155;163
441;1;0;0;0;1;154;156;0;0,47813394;0,198463901;154,2754505;156,2966638;154;156
442;0;1;1;0;0;158;149;0;0,865394609;-0,817191329;157,5439305;148,6877143;158;149
443;0;1;0;1;0;150;153;0;-0,013085618;-0,025020917;150,1295574;152,8114702;150;153
444;0;1;0;0;1;162;145;0;1,378964209;-1,459387224;161,8784579;144,7207634;162;145
445;1;0;1;0;0;160;163;0;1,161112649;0,703892838;160,0397908;162,8342502;160;163
446;1;0;0;1;0;152;142;0;0,26562718;-1,332106526;152,4818934;142,3291134;152;142
447;1;0;0;0;1;164;160;0;1,626635022;0,247847646;163,9687996;160,3339164;164;160
448;0;1;1;0;0;145;158;0;-0,617973615;0,759928279;145,0243027;157,7319944;145;158
449;0;1;0;1;0;159;170;0;1,036069545;2,568227499;158,984427;178,6416086;159;179
450;0;1;0;0;1;168;163;0;2,08795707;0,388705014;167,8623577;163,0071902;168;163
451;1;0;1;0;0;146;147;0;-0,506568516;-0,484290105;145,9645617;147,2703105;146;147
452;1;0;0;1;0;166;151;0;1,819258735;-0,918291812;165,5945437;150,805858;166;151
453;1;0;0;0;1;147;153;0;-0,326218673;0,139352121;147,4867144;153,256056;147;153
454;0;1;1;0;0;160;144;0;1,149354411;-1,480201739;159,9405512;143,8185529;160;144
455;0;1;0;1;0;147;155;0;-0,338214617;0,300140583;147,3854686;154,6155459;147;155
456;0;1;0;0;1;159;158;0;1,008624709;0,169810979;158,7527925;157,7142732;159;158
457;1;0;1;0;0;148;157;0;-0,28109879;0,580546146;147,8675262;157,2315738;148;157
458;1;0;0;1;0;148;147;0;-0,216033052;-0,668309549;148,416681;146,584014;148;147
459;1;0;0;0;1;154;158;0;0,418837705;0,406833143;153,7749902;157,9210098;154;158
460;0;1;1;0;0;170;164;0;2,327881595;0,404224164;169,8873207;163,8957912;170;164
461;0;1;0;1;0;145;142;0;-0,669465335;-1,018166268;144,5897126;142,1194203;145;142
462;0;1;0;0;1;152;158;0;0,225516709;0,467033866;152,143361;157,8367886;152;158
463;1;0;1;0;0;145;153;0;-0,645820684;0,261958567;144,7892734;153,3173868;145;153
464;1;0;0;1;0;139;160;0;-1,30696541;1,261804364;139,2092119;159,9285256;139;160
465;1;0;0;0;1;147;160;0;-0,369524637;0,937401011;147,1212121;160,0546766;147;160
466;0;1;1;0;0;159;154;0;1,085887112;-0,257357789;159,4048872;154,2451045;159;154
467;0;1;0;1;0;144;154;0;-0,751897785;0,386347779;143,8939827;154,0650189;144;154
468;0;1;0;0;1;153;153;0;0,3231133;-0,136893817;152,9670763;152,8955497;153;153
469;1;0;1;0;0;155;164;0;0,527307043;1,024810615;154,6904714;163,6317114;155;164
470;1;0;0;1;0;150;136;0;0,004710094;-1,988027656;150,2797532;135,8097692;150;136
471;1;0;0;0;1;156;160;0;0,685049598;0,511939683;156,0218186;159,6706676;156;160
472;0;1;1;0;0;141;138;0;-1,083358198;-1,332898098;141,0964568;138,0842625;141;138
473;0;1;0;1;0;155;163;0;0,57962901;0,972049232;155,1320688;163,3376145;155;163
474;0;1;0;0;1;148;152;0;-0,259249888;-0,085753625;148,0519309;151,5103818;148;152
475;1;0;1;0;0;145;160;0;-0,650110051;1,062000914;144,7530712;160,2559042;145;160
476;1;0;0;1;0;144;150;0;-0,723919553;-0,122957857;144,130119;149,7272882;144;150
477;1;0;0;0;1;135;166;0;-1,778980052;2,099502725;135,2254084;165,7248503;135;166
478;0;1;1;0;0;139;168;0;-1,321755357;2,23967321;139,0843848;168,3792832;139;168
479;0;1;0;1;0;157;137;0;0,753251624;-2,077491813;156,5974437;137,3839857;157;137
480;0;1;0;0;1;155;170;0;0,576454672;1,690566688;155,1052774;169,5712217;155;170
481;1;0;1;0;0;153;147;0;0,35518038;-0,821470502;153,2377224;147,0476413;153;147
482;1;0;0;1;0;146;151;0;-0,447937981;-0,088991087;146,4594034;150,8894672;146;151
483;1;0;0;0;1;140;140;0;-1,224404847;-1,08803259;139,9060231;139,7689168;140;140
484;0;1;1;0;0;147;166;0;-0,366206784;1,650064762;147,1492147;166,2578137;147;166
485;0;1;0;1;0;149;170;0;-0,09893818;2,371839098;149,4049618;173,3693452;149;173
486;0;1;0;0;1;160;150;0;1,107692415;-0,791182427;159,588924;149,6749222;160;150
487;1;0;1;0;0;143;155;0;-0,909772701;0,517838746;142,5615184;154,7116339;143;155
488;1;0;0;1;0;153;164;0;0,315178234;1,198221472;152,9001043;164,4721466;153;164
489;1;0;0;0;1;155;162;0;0,521244546;0,879083279;154,639304;162,3463633;155;162
490;0;1;1;0;0;158;170;0;0,926507101;1,742322965;158,0597199;171,1206842;158;171
491;0;1;0;1;0;153;151;0;0,281901946;-0,378847887;152,6192524;150,6636127;153;151
492;0;1;0;0;1;160;162;0;1,179239369;0,570824725;160,1927803;161,7348976;160;162
493;1;0;1;0;0;154;146;0;0,420513982;-0,917037266;153,789138;146,422463;154;146
494;1;0;0;1;0;150;154;0;-0,020710796;0,133517335;150,0652009;154,165138;150;154
495;1;0;0;0;1;151;141;0;0,11773728;-1,40821319;151,2337026;141,2031712;151;141
496;0;1;1;0;0;149;157;0;-0,105137394;0,48005357;149,3526404;156,9111408;149;157
497;0;1;0;1;0;154;147;0;0,390689955;-0,835188463;153,5374232;147,0399955;154;147
498;0;1;0;0;1;143;145;0;-0,819671644;-0,672599535;143,3219713;144,650345;143;145
499;1;0;1;0;0;167;156;0;2,010181275;-0,446140123;167,20593;155,5084371;167;156
500;1;0;0;1;0;151;160;0;0,081291438;0,816104154;150,9260997;160,4169476;151;160
501;1;0;0;0;1;131;142;0;-2,274634368;-0,395103171;131,0420859;142,4907474;131;142
502;0;1;1;0;0;146;148;0;-0,554039367;-0,429688604;145,5639077;147,5956375;146;148
503;0;1;0;1;0;142;159;0;-0,976679448;0,982690483;141,9968255;158,5407833;142;159
504;0;1;0;0;1;154;150;0;0,50067279;-0,555074067;154,4656783;149,8195803;154;150
505;1;0;1;0;0;152;162;0;0,222429977;0,980005214;152,117309;162,2845717;152;162
506;1;0;0;1;0;137;136;0;-1,519952101;-1,395306594;137,4116043;136,1703585;137;136
507;1;0;0;0;1;148;143;0;-0,273874902;-1,01858824;147,9284958;143,3585405;148;143
508;0;1;1;0;0;161;161;0;1,228727115;0,503060714;160,6104568;161,3015308;161;161
509;0;1;0;1;0;157;156;0;0,767975904;0,081929171;156,7217166;156,1945992;157;156
510;0;1;0;0;1;153;164;0;0,358744526;1,170308805;153,2678038;164,3664665;153;164
511;1;0;1;0;0;145;156;0;-0,623157053;0,543127816;144,9805545;155,8318158;145;156
512;1;0;0;1;0;149;154;0;-0,138122248;0,199392093;149,0742482;154,3686989;149;154
513;1;0;0;0;1;154;146;0;0,483626155;-0,959536978;154,3218048;146,2514336;154;146
514;0;1;1;0;0;147;145;0;-0,375007667;-0,754396242;147,0749353;145,3365264;147;145
515;0;1;0;1;0;153;156;0;0,300491522;0,211902329;152,7761484;155,855356;153;156
516;0;1;0;0;1;160;157;0;1,215378372;0,037623577;160,4977935;157,2151639;160;157
517;1;0;1;0;0;132;142;0;-2,121005313;-0,464043817;132,3387152;142,3743266;132;142
518;1;0;0;1;0;150;138;0;-0,041562771;-1,742323713;149,8892102;137,7994504;150;138
519;1;0;0;0;1;146;150;0;-0,55767587;-0,146092274;145,5332157;150,0485321;146;150
520;0;1;1;0;0;152;168;0;0,249807478;1,620186469;152,3483751;167,9334558;152;168
521;0;1;0;1;0;154;169;0;0,387478328;1,737663063;153,5103171;169,386779;154;169
522;0;1;0;0;1;147;149;0;-0,39530227;-0,380034082;146,9036488;148,5258004;147;149
523;1;0;1;0;0;140;146;0;-1,262821795;-0,393952633;139,5817841;145,6794554;140;146
524;1;0;0;1;0;145;155;0;-0,626336556;0,416392313;144,9537195;154,720555;145;155
525;1;0;0;0;1;152;146;0;0,241487024;-0,949390642;152,2781505;145,5788962;152;146
526;0;1;1;0;0;151;162;0;0,13766245;0,954337935;151,4018711;161,7952294;151;162
527;0;1;0;1;0;135;147;0;-1,804594332;-0,013541634;135,0092238;147,283016;135;147
528;0;1;0;0;1;143;161;0;-0,900464792;1,249535075;142,6400772;161,0989736;143;161
529;1;0;1;0;0;147;154;0;-0,38248962;0,284004578;147,0117876;154,3362372;147;154
530;1;0;0;1;0;156;140;0;0,657413873;-1,686913274;155,7885731;140,4768462;156;140
531;1;0;0;0;1;158;158;0;0,880761556;0,247013053;157,6736275;157,9834281;158;158
532;0;1;1;0;0;159;154;0;1,034937429;-0,306583242;158,9748719;153,6572948;159;154
533;0;1;0;1;0;145;145;0;-0,630651091;-0,683689536;144,9173048;145,1478051;145;145
534;0;1;0;0;1;146;157;0;-0,44985559;0,618685735;146,4432188;157,0328226;146;157
535;1;0;1;0;0;147;148;0;-0,345989953;-0,461690823;147,3198448;147,9711612;147;148
536;1;0;0;1;0;168;165;0;2,099330684;0,670901025;167,958351;165,4950725;168;165
537;1;0;0;0;1;154;162;0;0,44734049;0,912934659;154,0155537;162,4083389;154;162
538;0;1;1;0;0;134;149;0;-1,976183457;0,20320368;133,5610116;148,6273667;134;149
539;0;1;0;1;0;152;143;0;0,260382095;-1,246235077;152,4376249;143,058818;152;143
540;0;1;0;0;1;151;147;0;0,10049617;-0,756086493;151,0881877;146,8156817;151;147
541;1;0;1;0;0;153;168;0;0,375744889;1,595087553;153,4112869;168,1110029;153;168
542;1;0;0;1;0;147;130;0;-0,399723629;-2,462073187;146,8663326;130,4199669;147;130
543;1;0;0;0;1;170;155;0;3,221947434;-0,938902744;177,4332363;155,0334455;177;155
544;0;1;1;0;0;159;134;0;0,983336325;-2,509552376;158,5393586;134,3524162;159;134
545;0;1;0;1;0;141;154;0;-1,112439236;0,495283194;140,8510129;153,8789396;141;154
546;0;1;0;0;1;143;151;0;-0,901585201;0,074004175;142,6306209;150,8806415;143;151
547;1;0;1;0;0;155;161;0;0,531726497;0,680355179;154,7277716;160,6524394;155;161
548;1;0;0;1;0;149;144;0;-0,096054305;-0,990278456;149,4293017;144,1631804;149;144
549;1;0;0;0;1;142;146;0;-0,977545845;-0,435254817;141,9895131;146,2167817;142;146
550;0;1;1;0;0;158;161;0;0,947339302;0,603791507;158,2355437;161,2928262;158;161
551;0;1;0;1;0;152;149;0;0,150315415;-0,515717291;151,5086621;149,0608895;152;149
552;0;1;0;0;1;162;168;0;1,386160255;1,229884907;161,9391925;168,1118841;162;168
553;1;0;1;0;0;145;161;0;-0,650014479;1,185820357;144,7538778;161,3321373;145;161
554;1;0;0;1;0;140;163;0;-1,177946931;1,540659052;140,2981279;162,7569666;140;163
555;1;0;0;0;1;156;146;0;0,6333241;-1,003488128;155,5852554;146,3398098;156;146
556;0;1;1;0;0;146;156;0;-0,540997717;0,497211598;145,6739793;155,6909372;146;156
557;0;1;0;1;0;166;154;0;1,811248727;-0,586640373;165,5269393;153,6625893;166;154
558;0;1;0;0;1;155;156;0;0,578104627;0,172340099;155,1192031;156,3837281;155;156
559;1;0;1;0;0;160;164;0;1,114660702;0,861430247;159,6477363;164,0572429;160;164
560;1;0;0;1;0;144;130;0;-0,782344284;-2,663704232;143,6370142;127,4658466;144;127
561;1;0;0;0;1;154;153;0;0,460678222;-0,231406665;154,1281242;152,5064513;154;153
562;0;1;1;0;0;156;159;0;0,675691353;0,467139323;155,942835;159,2519736;156;159
563;0;1;0;1;0;157;157;0;0,792200984;0,123968442;156,9261763;156,6360062;157;157
564;0;1;0;0;1;165;166;0;1,800490892;0,787779496;165,4361431;165,5718566;165;166
565;1;0;1;0;0;139;134;0;-1,386587069;-1,689321782;138,5372051;134,034484;139;134
566;1;0;0;1;0;151;157;0;0,067001343;0,44965518;150,8054913;157,1877841;151;157
567;1;0;0;0;1;154;149;0;0,404918697;-0,651126878;153,6575138;148,6841054;154;149
568;0;1;1;0;0;154;168;0;0,489597034;1,556999646;154,372199;168,1377148;154;168
569;0;1;0;1;0;151;145;0;0,128666377;-0,951953173;151,3259442;145,2021917;151;145
570;0;1;0;0;1;149;158;0;-0,102680311;0,59349457;149,3733782;157,904609;149;158
571;1;0;1;0;0;150;153;0;0,02063204;0,029309339;150,4141344;153,389502;150;153
572;1;0;0;1;0;160;157;0;1,165772799;0,07267232;160,0791224;157,3638802;160;157
573;1;0;0;0;1;144;148;0;-0,767073018;-0,281537556;143,7659037;148,2137341;144;148
574;0;1;1;0;0;149;157;0;-0,178948516;0,495016792;148,7296745;156,8092791;149;157
575;0;1;0;1;0;148;139;0;-0,231774208;-1,54715134;148,2838257;138,8978386;148;139
576;0;1;0;0;1;149;142;0;-0,191313152;-1,250297892;148,625317;141,6044683;149;142
577;1;0;1;0;0;164;170;0;1,624057487;1,360143961;163,9470452;169,9911522;164;170
578;1;0;0;1;0;145;158;0;-0,564939947;0,771853417;145,4719068;158,0022289;145;158
579;1;0;0;0;1;160;164;0;1,142559945;0,823486942;159,8832059;163,8151817;160;164
580;0;1;1;0;0;163;163;0;1,516916464;0,618839383;163,042775;163,2129688;163;163
581;0;1;0;1;0;162;158;0;1,381178221;0,054777052;161,8971442;157,8850964;162;158
582;0;1;0;0;1;146;130;0;-0,444012305;-2,704176551;146,4925361;128,1770649;146;128
583;1;0;1;0;0;142;156;0;-0,930155236;0,664548933;142,3894898;155,9224429;142;156
584;1;0;0;1;0;162;148;0;1,36791047;-1,12122184;161,7851644;147,6245356;162;148
585;1;0;0;0;1;148;145;0;-0,217398438;-0,803027489;148,4051572;145,4090888;148;145
586;0;1;1;0;0;161;170;0;1,270523615;1,915233602;160,9632193;173,7039588;161;174
587;0;1;0;1;0;143;131;0;-0,882043869;-2,266070428;142,7955497;130,6078817;143;131
588;0;1;0;0;1;145;140;0;-0,576468226;-1,335162095;145,3746082;139,657035;145;140
589;1;0;1;0;0;155;147;0;0,552933403;-0,845755635;154,9067579;147,4578757;155;147
590;1;0;0;1;0;156;167;0;0,728252962;1,309232994;156,386455;166,7345002;156;167
591;1;0;0;0;1;155;150;0;0,572117554;-0,508766481;155,0686722;150,4464224;155;150
592;0;1;1;0;0;135;151;0;-1,758303338;0,426139229;135,3999198;151,2490643;135;151
593;0;1;0;1;0;157;165;0;0,763240451;1,103100335;156,6817494;165,0532208;157;165
594;0;1;0;0;1;153;159;0;0,31817878;0,517981733;152,9254289;158,5706088;153;159
595;1;0;1;0;0;150;134;0;-0,000333502;-2,203639926;150,2371852;133,9203548;150;134
596;1;0;0;1;0;138;147;0;-1,504089315;-0,127753826;137,5454862;147,2346322;138;147
597;1;0;0;0;1;162;146;0;1,45202077;-1,381976042;162,4950553;145,6229448;162;146
598;0;1;1;0;0;146;165;0;-0,453394892;1,492545351;146,4133471;164,6151337;146;165
599;0;1;0;1;0;148;161;0;-0,220894754;1,003423198;148,3756483;161,0953141;148;161
600;0;1;0;0;1;158;145;0;0,884021535;-1,244240717;157,7011418;145,0353737;158;145
